encoder,channel_set,k,agree_cross,agree_cross_se,agree_cross_excess,agree_cross_excess_se,rho_cross,rho_cross_se,vote_auroc,vote_auroc_se,vote_mlpd,vote_mlpd_se,heldout_vote_auroc,heldout_vote_auroc_se,heldout_vote_mlpd,heldout_vote_mlpd_se
ae,full,5,0.5148475776447714,0.004654141896228436,-0.1360453688076742,0.006181343932805623,0.6192109061626776,0.013430891703274956,0.5158052538769716,0.0112227082224022,-0.7649700659631536,0.010343266494531315,0.49876639990536314,0.05941045202674072,-0.7237817986223822,0.02989695469775747
ae,full,10,0.5048857334352533,0.0030462221174868197,-0.14600721301719227,0.004770391070050302,0.6366410042275433,0.0125112001774417,0.5052901067702413,0.010002375432610813,-0.7481100426529012,0.006802305838369232,0.5225155570385434,0.02363797693064758,-0.7254450697510559,0.029462685426910003
ae,full,20,0.5045910514996761,0.002517360422541474,-0.1463018949527695,0.003999267985910441,0.6534001138820873,0.011273733757589343,0.5091132504450258,0.008818380939719959,-0.7248290108077968,0.004469856692924967,0.49358786592874093,0.047854530542057766,-0.7246635890012142,0.019561061596392555
ae,full,30,0.5017692595862735,0.0025110885245183184,-0.14912368686617217,0.004705891076987422,0.6614530807083687,0.01084671443547508,0.5038778732364382,0.009389202448560023,-0.7223561922770927,0.003832567549605663,0.5325657919218919,0.03789772605409503,-0.7155370367615179,0.019479900782332096
ae,full,50,0.5017357067229973,0.0022533663350766176,-0.14915723972944825,0.004901542123428018,0.6708907511892425,0.01070073974305451,0.50930306707993,0.007820809171312686,-0.7157886866388246,0.002601180738493857,0.5766565218672375,0.03888598621295926,-0.7061591716024791,0.01758066217819913
ae,full,100,0.5007673510198107,0.002179526248965058,-0.15012559543263487,0.004267640706548249,0.6829560493459226,0.010335970798842253,0.5178765953821639,0.007861802606935949,-0.7111792440050502,0.0025397485657477925,0.6122837445125758,0.054001248940726075,-0.6937213771764931,0.018491337932912622
ae,imu_only,5,0.5062992194793077,0.0017647515494139193,-0.14459372697313794,0.005065259970052418,0.6382317957612788,0.012405164280582758,0.5120311820197214,0.011182490188513883,-0.7675597732890863,0.004626923064954833,0.5497013945647323,0.04730894595753802,-0.7180943888693783,0.034298754655239676
ae,imu_only,10,0.5089737222628667,0.0020848591065602377,-0.14191922418957897,0.00436993466539229,0.6508318825960575,0.011803079706119867,0.5337931898578863,0.005703038177235169,-0.7330871094958841,0.004770312330509026,0.5979585281412633,0.0539611323294382,-0.7060257580020417,0.024385291495201605
ae,imu_only,20,0.5059759776769502,0.00204299149299933,-0.1449169687754954,0.004578151647135302,0.6642228677334272,0.01102410309415952,0.531012813378468,0.00508775913932801,-0.7199691577188627,0.003470835527882516,0.5965055166541386,0.02760513901942183,-0.7067079335982325,0.017404479554840355
ae,imu_only,30,0.507041024789074,0.002032924970358436,-0.14385192166337166,0.004342382528858528,0.6713895901954359,0.010849380151729449,0.5479948537335915,0.006203519343421734,-0.7105795190549434,0.0034805863895075386,0.5631960127036373,0.019554036538472368,-0.7056471057121497,0.014967911925331163
ae,imu_only,50,0.5058434917267343,0.0018779232148287397,-0.14504945472571135,0.004529322033077419,0.6800121635792961,0.010396583221184212,0.5518438721408955,0.004308035814319415,-0.7073014723371285,0.003458539699872167,0.5476455299855381,0.04235348934605171,-0.7001284803636929,0.014110704796458916
ae,imu_only,100,0.5036835182017928,0.001977041427528229,-0.14720942825065292,0.0044209789080759945,0.6920687364475968,0.010013533754491237,0.5563931567015099,0.005643946085835769,-0.7044596331002722,0.0026201113107685915,0.5841368289108099,0.02532766191158212,-0.6904426824490127,0.015686136560337207
ae,only_Bounce_rate_6D,5,0.5041399778000628,0.0030519099419552814,-0.1467529686523828,0.004887579022553665,0.7059133086836744,0.009863189371383219,0.5359418709621682,0.008823818689355119,-0.7645908766501837,0.008312124596989455,0.5724414818763526,0.04142598872514917,-0.7227701554579593,0.03034322868667634
ae,only_Bounce_rate_6D,10,0.5030477108146358,0.0030382050285350445,-0.14784523563780988,0.0049900566674215925,0.7144683791854805,0.009449351461136166,0.5343970013478517,0.009153297951709213,-0.7382788324479619,0.0060044203605204545,0.48286674111070765,0.03854512325149715,-0.7418298262434619,0.024787446780854518
ae,only_Bounce_rate_6D,20,0.5022991696236652,0.0018753798241107884,-0.14859377682878047,0.0046446960649120465,0.7225359514795388,0.009087120965211795,0.5409270010086239,0.006798637838006116,-0.7224609633042139,0.0035053582601410134,0.5639191617932964,0.03310201696481577,-0.7086234146499647,0.022521568482465282
ae,only_Bounce_rate_6D,30,0.5014522309542975,0.001768878106490022,-0.14944071549814822,0.004798270531285889,0.7255734390785527,0.009122353413149337,0.5434350481117619,0.006993474669614567,-0.718305360230456,0.003330768370093388,0.5740864849907186,0.03794046567015811,-0.6962848411163114,0.02285925010914181
ae,only_Bounce_rate_6D,50,0.4984024015601471,0.0018800808702878764,-0.15249054489229852,0.005053857132828698,0.7280423114893022,0.009090625904512364,0.5206147184116791,0.012508968682328292,-0.7186038875299572,0.004003988813268889,0.5753075828755236,0.049604737960243374,-0.6925069335840838,0.021743370056033218
ae,only_Bounce_rate_6D,100,0.49597243313054884,0.0017232630047481947,-0.15492051332189688,0.004308258476871656,0.7297066663096006,0.009106910618975025,0.4875664949760267,0.009735113747069412,-0.7189155291188832,0.0019035756702024884,0.5237529196708852,0.048485357275530466,-0.7067150246600642,0.015691148357227798
ae,only_IMU_LatAccelVal,5,0.512569564760407,0.00345569850933406,-0.13832338169203862,0.005243917617362191,0.7049533068254659,0.009596147139561731,0.547179905734384,0.009963359959955185,-0.7550103235189825,0.005351123172038732,0.5815560038214902,0.059371013688259096,-0.7388222699392586,0.049028166966402394
ae,only_IMU_LatAccelVal,10,0.5116013309205685,0.002908068492535792,-0.13929161553187713,0.0050502417846619825,0.7132835916872194,0.009294300863919643,0.5528502066055759,0.007858715804834177,-0.7291856933639066,0.005344647474761524,0.5627434965065643,0.06160989388219912,-0.719371768621646,0.04087571074960112
ae,only_IMU_LatAccelVal,20,0.5084845411921581,0.00248540515222881,-0.14240840526028747,0.004616261954108065,0.7178662003736163,0.009433361911752832,0.5546564293921269,0.006274643998860912,-0.7199977647548617,0.0045590838076625196,0.5801140677802048,0.0735106230274103,-0.705678353815967,0.03205399532162405
ae,only_IMU_LatAccelVal,30,0.507477786545352,0.002051145530496974,-0.14341515990709355,0.004703048700464862,0.7211015513624244,0.0095723051354001,0.5554293918570863,0.007565950414019495,-0.7139003694355333,0.003182437072597125,0.5700826596275961,0.0813909254511057,-0.6897573761040829,0.028729444145106905
ae,only_IMU_LatAccelVal,50,0.5092066128082012,0.002007195813323635,-0.14168633364424443,0.004268643725164296,0.7249080870006696,0.009387288138041594,0.5693055932505657,0.00490473821362973,-0.7049659646179998,0.0026225524789702504,0.5736375260784629,0.05508289559967577,-0.6920724446422921,0.024795714978030615
ae,only_IMU_LatAccelVal,100,0.5061382193283033,0.0020450559502790907,-0.1447547271241424,0.004487430486970607,0.72958506107344,0.009234740469845454,0.5664368205270972,0.004677408128128504,-0.7038072853584253,0.002412717587542711,0.577999554786703,0.059222952752372895,-0.689277197477699,0.02215855537307336
ae,only_IMU_LongAccelVal,5,0.5286222202232671,0.0033824801083310253,-0.12227072622917848,0.003911442856155876,0.572819553032366,0.012496787985092286,0.5869821486750718,0.011876278027386548,-0.7184641437598883,0.00839345227305559,0.5611936551996233,0.030224144374037084,-0.719959027686135,0.018252554861424106
ae,only_IMU_LongAccelVal,10,0.5239901482480152,0.002639874721868558,-0.1269027982044305,0.00404754467195362,0.5859759749624344,0.012714674829828658,0.5957450757124996,0.011484120496864668,-0.7012418616221735,0.005437989076535385,0.6097249412573325,0.047656917358396896,-0.7058620281596386,0.01597368919940893
ae,only_IMU_LongAccelVal,20,0.5175826032806887,0.0023060786068217092,-0.13331034317175683,0.0041527782120030655,0.601932906286786,0.012369114459043878,0.5872564177483701,0.009094171910711789,-0.6973686798317347,0.004479294112103623,0.5954068726895436,0.03895418443737107,-0.7043703744212689,0.017584819868197963
ae,only_IMU_LongAccelVal,30,0.5145767298768104,0.0019823559108204766,-0.1363162165756352,0.003939668844106778,0.6104694632032086,0.012114848758476517,0.594289223392383,0.008506436673976717,-0.6957314479331809,0.0035448136291660166,0.5848942089004766,0.0402220232280005,-0.7086061013349492,0.01547676902876685
ae,only_IMU_LongAccelVal,50,0.5119123268754109,0.0023674009799261406,-0.13898061957703475,0.004082727449331172,0.6226028520136523,0.011938041424131853,0.593849305057537,0.011918482716782688,-0.6945603821895139,0.00420211056748971,0.5869651251758317,0.04206836078159457,-0.7070318817781556,0.014932713348076906
ae,only_IMU_LongAccelVal,100,0.5078327220180349,0.002068008308356903,-0.14306022443441074,0.004195645143358947,0.641734691733503,0.01124716878578982,0.5823650972677303,0.013178294455005497,-0.6975094954223089,0.0038993708092649325,0.5488290550556639,0.04412895144222985,-0.7088887149019147,0.015736236924631317
ae,only_IMU_VerAccelVal,5,0.5328060798623868,0.0035485936104621097,-0.11808686659005889,0.006736726634390726,0.6866295551146104,0.011600454102131069,0.578224207954082,0.011950226900191823,-0.7207128996202193,0.006181737798974354,0.5905559558572787,0.041914654624512035,-0.724267121596523,0.029006347322425508
ae,only_IMU_VerAccelVal,10,0.5259734548069401,0.00219516931621372,-0.1249194916455055,0.00553217885781962,0.6974787453246043,0.010902570559668862,0.5853672003326922,0.009833752923235989,-0.7052732758566799,0.004491426765974586,0.6415001469371621,0.051953603895228156,-0.6972489721591408,0.026084197608493818
ae,only_IMU_VerAccelVal,20,0.517502662318175,0.0019511072826627364,-0.13339028413427073,0.005049984992251907,0.7054741542447351,0.010124020936431718,0.5731173215810876,0.008259315005104208,-0.7012769045036114,0.0032296780786974935,0.6110300250833507,0.04120555095760134,-0.6920434606867413,0.024370393325987234
ae,only_IMU_VerAccelVal,30,0.5148953474250877,0.0016581306499773977,-0.1359975990273581,0.00454875534146468,0.7090485450514556,0.009909865653890038,0.5654423950336003,0.006988506726977713,-0.6993958085999015,0.002551621765810505,0.5817799934074119,0.038918516842624075,-0.6853066176793202,0.025113388843417416
ae,only_IMU_VerAccelVal,50,0.5119635852432125,0.0017468277712245207,-0.13892936120923297,0.004254987080003944,0.7118389998252583,0.009905738099304612,0.5648106692498083,0.00398855618501279,-0.6974652843087681,0.0024642463148087544,0.6009419756267879,0.03533740491517333,-0.6841684934053132,0.02061565190095166
ae,only_IMU_VerAccelVal,100,0.5079999684236115,0.001815491600574038,-0.14289297802883422,0.004190452336224946,0.7154561518504199,0.009775014202555832,0.5548628281770259,0.006479877766085088,-0.6983959464997199,0.0019556913620740516,0.6151437097804895,0.033706202050834674,-0.6832030773558687,0.016066667819545726
ae,only_Pitch_rate_6D,5,0.5275929340913931,0.002780843944760173,-0.12330001236105256,0.005653478240185798,0.7025508703531085,0.009993480738476645,0.5948450410629919,0.0077387869140200585,-0.7211631288386618,0.003657896897774866,0.5534329400755336,0.07276828101666694,-0.7248463505855366,0.03675648117626668
ae,only_Pitch_rate_6D,10,0.5225391828146339,0.00295621522348225,-0.12835376363781176,0.004898617820359144,0.7092760848456618,0.009488484744528564,0.6129614284171382,0.005512052360479091,-0.6993877847630012,0.004373869125468629,0.5423935020096267,0.05738414863417913,-0.7235167879769729,0.025745553842518015
ae,only_Pitch_rate_6D,20,0.516938708635647,0.002578248280673894,-0.13395423781679866,0.004875254113581089,0.7150911789649305,0.00927321276126307,0.6206003218341887,0.0061710330494509765,-0.6918088383344433,0.003431314120109895,0.576922763959019,0.04228899400187466,-0.7001421806735808,0.02091959417026024
ae,only_Pitch_rate_6D,30,0.5119135957237272,0.00219055983146596,-0.1389793507287184,0.004748758312821324,0.71731445491119,0.00916830207717721,0.6108876592471078,0.007985604044327592,-0.6952088083824716,0.003047899418533698,0.6031267554413247,0.03909928488668471,-0.696091422568038,0.018930601361962875
ae,only_Pitch_rate_6D,50,0.5086578854585674,0.001995861174409346,-0.14223506099387834,0.00456935681379708,0.7197873226373165,0.008979769244316172,0.6042040476990278,0.008123929934382065,-0.6964708286773509,0.0028743641196592178,0.631668035341119,0.036783930584722256,-0.6903709022705616,0.017419841257691013
ae,only_Pitch_rate_6D,100,0.5044980103681154,0.001992910508379631,-0.14639493608433024,0.004408415433263873,0.7223500245354559,0.00911510642844726,0.5695576009311977,0.007329807474052938,-0.7017048134281707,0.0025669538784088095,0.6343750110323049,0.044516914003653534,-0.6944603208196867,0.01613687085663334
ae,without_Bounce_rate_6D,5,0.5012825199506923,0.004247073225888724,-0.14961042650175344,0.006380104512537558,0.62717388842395,0.012104468550712852,0.513492063939663,0.008858689672418887,-0.7830480097167805,0.007782244744248852,0.5188803813387657,0.0324979837594258,-0.7477773346340656,0.02620093071094561
ae,without_Bounce_rate_6D,10,0.50567352100738,0.0039006669667841034,-0.14521942544506575,0.006148020811379309,0.6448861496999845,0.011254521637970631,0.5194662934810791,0.010768977633108329,-0.7426160466815303,0.007094643068497213,0.503837961202037,0.03164044007823105,-0.7445724379231651,0.021165009488882915
ae,without_Bounce_rate_6D,20,0.5046538272829927,0.0018044254074690784,-0.146239119169453,0.0041544598697986716,0.6603826320063656,0.010498156501690201,0.5233891300899948,0.012243782006983644,-0.7222239043437246,0.0035864064954880966,0.5433020070066559,0.02916550175102284,-0.7192830966252963,0.015241187904075046
ae,without_Bounce_rate_6D,30,0.505061115121347,0.001976445330057125,-0.14583183133109862,0.004163079073951291,0.6679434102895228,0.01047316424067225,0.5305892852528212,0.009411709404650314,-0.7143922307072245,0.0032672250301552506,0.560286210795605,0.040315446138565685,-0.7083280280675216,0.017120627387294474
ae,without_Bounce_rate_6D,50,0.5026185591615755,0.002133063045536201,-0.1482743872908701,0.004056920640225622,0.6773726427305429,0.010090034219174019,0.5264395635305925,0.007925176235253349,-0.7127664501726679,0.002918423184224942,0.6131078759314889,0.059753423850397225,-0.6951498066476385,0.019103420070270997
ae,without_Bounce_rate_6D,100,0.5018535122240546,0.0022883440002137686,-0.14903943422839105,0.004260985632657473,0.6888745996554044,0.009779505947496154,0.537747681172355,0.007305130586661888,-0.7096950429735281,0.0028267743668116854,0.623051003463066,0.06833996554021093,-0.6942536128889649,0.01924706209979711
ae,without_IMU_LatAccelVal,5,0.5113774371569936,0.0033363516105736537,-0.13951550929545203,0.005937523111227535,0.6164895612959078,0.013315038851205729,0.5173007624598627,0.009923412245666839,-0.7627938259695314,0.0048484517862338325,0.5114791163849737,0.04693742178575805,-0.7718506328717061,0.012108885552790603
ae,without_IMU_LatAccelVal,10,0.507321517180614,0.003390477515330546,-0.1435714292718317,0.005879470744844153,0.6334145110406968,0.012834901021071739,0.5216800334174977,0.007812675524735415,-0.7367103843664324,0.004686463610939879,0.4759022724610631,0.05686003796875072,-0.7648758202431186,0.018327461921118123
ae,without_IMU_LatAccelVal,20,0.502747057434018,0.0013979014378552516,-0.14814588901842768,0.004892363262373236,0.6487561469827433,0.012065013502381202,0.5029290409052825,0.009534858228275472,-0.726128752254253,0.0023830585427850014,0.4834283575695861,0.04705703611456356,-0.7296202565976938,0.014319660650321234
ae,without_IMU_LatAccelVal,30,0.502715158096908,0.0017299563307948418,-0.14817778835553758,0.004540442235636229,0.6563286859904512,0.011864016696285371,0.5008334253953262,0.007014324136620097,-0.7181099116210163,0.0025506192632295966,0.4997820975164286,0.04812162226419906,-0.716998735846702,0.012437104441678148
ae,without_IMU_LatAccelVal,50,0.5021232786702456,0.001974467573013585,-0.14876966778219997,0.0045230226410734025,0.6662183958975747,0.011408792913189423,0.5094712952256938,0.007254281595673272,-0.7134254859570166,0.00272167222973774,0.5036805406556946,0.029395717400330937,-0.7052172579444291,0.013578268870397887
ae,without_IMU_LatAccelVal,100,0.5007345255338789,0.0016334241080700525,-0.15015842091856663,0.0040856178258687,0.6803565211076494,0.010785648358025385,0.5122058715787737,0.006348202999386577,-0.7112281990475176,0.001408556967302547,0.5512035222163487,0.04983879495579903,-0.6991109819458148,0.015206449438375447
ae,without_IMU_LongAccelVal,5,0.50357426405472,0.002918889971047929,-0.14731868239772544,0.0059114965694851695,0.6416539260052623,0.012604087121240566,0.5063178220550187,0.00917088375026395,-0.7852846899581734,0.0068322473851200405,0.5311169565316209,0.06475268365327072,-0.7720846708420231,0.042753483945914925
ae,without_IMU_LongAccelVal,10,0.5021192970584396,0.0015214830444250616,-0.14877364939400606,0.004451657494377751,0.6631839269713848,0.011425065246042556,0.504799090776197,0.0069041424298910215,-0.759395261103417,0.003813304302457119,0.560502015399769,0.06949783919332721,-0.7354042888255312,0.025086999233587096
ae,without_IMU_LongAccelVal,20,0.5044071445361593,0.002149076298882145,-0.14648580191628624,0.0036687978372333518,0.6808501994817064,0.01047527839421889,0.5154305248849484,0.004484510721402929,-0.7319493397818625,0.004462163118516026,0.5530555115835775,0.06880485888200744,-0.6972634936263705,0.026507140572636353
ae,without_IMU_LongAccelVal,30,0.5037994682265151,0.001983820074188568,-0.14709347822593058,0.004204473721935214,0.6897424463374131,0.010143703639966462,0.514892564555438,0.007063973344675366,-0.723229793218233,0.0031084171648339994,0.588949220658732,0.06088924346706677,-0.6898111893850447,0.02378005162822097
ae,without_IMU_LongAccelVal,50,0.5018810332432216,0.002231815130172402,-0.14901191320922405,0.004026537822034217,0.6994647690191653,0.009872620893622642,0.5111922604297445,0.006726041283390008,-0.7184332919994719,0.0029994349241327257,0.5686929784533927,0.05854716174685746,-0.6972926142311516,0.017994592171620995
ae,without_IMU_LongAccelVal,100,0.5008761744502241,0.0022957171498115946,-0.15001677200222155,0.00421493476666256,0.70864220828763,0.009515513660895461,0.5044113718779751,0.007532074586478258,-0.7138364363576508,0.0022766876157965443,0.5484463679528198,0.07048696979615038,-0.6912420366936178,0.020080420335980915
ae,without_IMU_VerAccelVal,5,0.5029501019131868,0.0046450821951377905,-0.14794284453925874,0.005242292507272433,0.6274515709252373,0.012478619244274201,0.5105624529593695,0.010489655913974471,-0.7770985743905696,0.00794195156823125,0.48987843789115637,0.03849261014066434,-0.7677218385056991,0.02401831334541799
ae,without_IMU_VerAccelVal,10,0.5052750060416707,0.002926971789466214,-0.14561794041077486,0.0037623161480215732,0.6454850823298334,0.012177024431107594,0.5180096197981723,0.008785667785913128,-0.7434499246530482,0.005194111024009254,0.58512286106369,0.061916738807245186,-0.728379505965614,0.028923449369153913
ae,without_IMU_VerAccelVal,20,0.5089395309270559,0.0022816872462063874,-0.1419534155253897,0.0039034819611826646,0.6607563531273346,0.011314685182182437,0.5374365687776583,0.008466500468185086,-0.7156335044904628,0.004096937437472558,0.5565064742327432,0.06124229062533079,-0.7163162306069046,0.020641491001088048
ae,without_IMU_VerAccelVal,30,0.5073733784611045,0.002179451747962542,-0.14351956799134113,0.0040211961032221985,0.6682416761353431,0.011153315392980114,0.5391699072717523,0.006781347792247456,-0.7105743246449496,0.0032429700507134508,0.5641253039811375,0.05998309677570861,-0.7096758038493752,0.01814157160482898
ae,without_IMU_VerAccelVal,50,0.503010957536136,0.002204105339331816,-0.14788198891630971,0.004468509683422884,0.6766135565813526,0.01098724735390767,0.5217567909956147,0.006382606397983853,-0.7131925806834605,0.002750000026225368,0.5013759488644419,0.060533116495235705,-0.7065159062201352,0.015458737011637491
ae,without_IMU_VerAccelVal,100,0.5009542417123931,0.002099958138139668,-0.14993870474005255,0.004466669292525704,0.6875781970776492,0.010562966016213671,0.5012077260639651,0.006243053743706308,-0.7113593548164289,0.0020241247512198606,0.5065820857336276,0.06535069133007285,-0.7002518231405573,0.015498691251288044
ae,without_Pitch_rate_6D,5,0.511670914817566,0.004351489149416182,-0.13922203163487962,0.005223469186753478,0.6346306600281115,0.011383078344294409,0.5179035378994081,0.00488070366908155,-0.7701182003804797,0.009291026961926279,0.4828978521192672,0.036377483504114294,-0.7699907089591829,0.021116791623441482
ae,without_Pitch_rate_6D,10,0.5112565517131057,0.0032856243029244342,-0.13963639473933995,0.005183585195331241,0.6503004090299623,0.011146454694187,0.5323426188129583,0.008321601207647958,-0.7357777879351666,0.006327018621380653,0.5479523377079608,0.0670796393488156,-0.730157417610574,0.023532955429753345
ae,without_Pitch_rate_6D,20,0.5106478982309475,0.0015918670505821473,-0.14024504822149814,0.004424521373073444,0.6637326463982591,0.010592111174351316,0.543688856079413,0.003519810885792728,-0.7137797281926374,0.0022741332088637525,0.5734093409542573,0.049365457711279814,-0.7001187764492518,0.022992761699225824
ae,without_Pitch_rate_6D,30,0.511421875477058,0.0019516671945963456,-0.13947107097538777,0.0046482813861395455,0.6704093252378578,0.010338671512843085,0.5539086381046747,0.004658772094762824,-0.7039842008622957,0.0026793233921308915,0.5822162137284389,0.05133799000775474,-0.6892486347004703,0.022408748156244645
ae,without_Pitch_rate_6D,50,0.5102815136669242,0.0023299557145768177,-0.1406114327855214,0.004372995478741126,0.6780474574433828,0.01016593819495805,0.5630620854143273,0.0066371888233692595,-0.7001451572249666,0.003510197679902808,0.6161021683085113,0.04520503693469626,-0.6863642751246732,0.020307169554012044
ae,without_Pitch_rate_6D,100,0.5059502142294428,0.002341799420907759,-0.14494273222300297,0.00449394213888575,0.6869498830736888,0.009846179594341505,0.5388298924356547,0.006768431828140349,-0.7031377227636162,0.0029017872744406827,0.602045917027704,0.05113079605299219,-0.6846038742800775,0.019669086588013574
isobank,full,5,0.5601297207460345,0.0038679723429411554,-0.09076322570641104,0.004984278334738758,0.5920066957227064,0.013744498847762406,0.6532323050478942,0.006222367187245847,-0.6918472068388668,0.007357178222879764,0.6176570835004674,0.04211783106550687,-0.733988235302828,0.03421579046101566
isobank,full,10,0.5422059852632585,0.002865035159806989,-0.10868696118918716,0.004936511264833906,0.619881845220594,0.012642973808377873,0.6486327841981174,0.005626978604057409,-0.6985426179932817,0.005711423857397298,0.6482218684686547,0.043893103075965924,-0.7035043367300291,0.03374265150278127
isobank,full,20,0.5291923467358434,0.0028901602140846278,-0.12170059971660233,0.004728154247995443,0.6410583256389185,0.011687505445040406,0.6468072606930713,0.004899277905569216,-0.7015679929551368,0.004687159110828281,0.6200713317525777,0.021034958017056512,-0.7107286768435724,0.023574409941659092
isobank,full,30,0.5257151376217768,0.002510151827490942,-0.1251778088306688,0.004596407141489409,0.6510832459983814,0.011441533083828545,0.656016698910942,0.003552018406313644,-0.7001744506066977,0.004244631185235608,0.6082869277691787,0.027414111435108548,-0.7075084106397771,0.02339443354681634
isobank,full,50,0.5212275918005289,0.002517975921523897,-0.1296653546519167,0.004893564227049851,0.662448744780719,0.01105530004722883,0.6506458773443657,0.0029136677003059434,-0.701022899440493,0.002869316700633449,0.6082224546005269,0.04408419963986461,-0.7107998674243702,0.025188265228002882
isobank,full,100,0.518809317809958,0.0022977564640343714,-0.13208362864248768,0.004718465063982013,0.6755184645602572,0.010620679885742095,0.6607429377760716,0.00575517039584414,-0.6995948981224906,0.0027418606834373888,0.6271269777909072,0.04975341997113854,-0.6992292152292626,0.026807644341000587
isobank,imu_only,5,0.5521986311369818,0.0032427078487914608,-0.09869431531546381,0.004788258806928799,0.6161321308564001,0.011448580371549336,0.6342222434528052,0.006175798353227782,-0.7003598754693823,0.005240882607442554,0.6473850594715399,0.026457153613368235,-0.719317704793043,0.045260148857533246
isobank,imu_only,10,0.5369154751772285,0.003481972407261917,-0.11397747127521718,0.005568516357962367,0.6389662280335222,0.011136633224339387,0.6558163737675269,0.0045896965788364535,-0.6965510199249406,0.0050565033449268115,0.6480604433665614,0.010762494449512527,-0.7024848635475469,0.03018044673394883
isobank,imu_only,20,0.5295730898529771,0.003828010200138771,-0.12131985659946856,0.00514051836422861,0.6548575740715499,0.010824544987738528,0.6612665165155369,0.004705751399235625,-0.6950640827637717,0.0060124066087484515,0.6901181750671496,0.03153768020109156,-0.6976661229043593,0.03015107507292609
isobank,imu_only,30,0.5265700903172444,0.0031156837876964035,-0.12432285613520118,0.004995269910159105,0.6641543787795623,0.010631338740199427,0.6740347739251773,0.003786634264899244,-0.6938204308299581,0.00436195840053344,0.6694932651173421,0.028880466980316974,-0.6950627491050555,0.029136110393959615
isobank,imu_only,50,0.5237174926442559,0.0029296967232661907,-0.12717545380818973,0.00494982783124304,0.672641846489165,0.010338046010384195,0.6788889063442719,0.006679154089043795,-0.6921259506158167,0.003712711095200953,0.6535269112558126,0.024997156703383636,-0.704544646575607,0.027474783252818696
isobank,imu_only,100,0.5185003063180936,0.0029463521089475794,-0.13239264013435198,0.004973644784508547,0.6845155080671427,0.010080477713916361,0.6842742693404859,0.006045094945174019,-0.6950649125526651,0.003427413489721328,0.7037973036792191,0.039415863084951396,-0.6904870508842852,0.02916302536548004
isobank,only_Bounce_rate_6D,5,0.5243999533153683,0.0013915412431191368,-0.12649299313707735,0.004609224838071534,0.6584522150555128,0.011654430300544132,0.5727918337974041,0.005148777282585277,-0.7729449010167203,0.0032005427134189014,0.5141270058314438,0.05238623122725723,-0.8506411003380661,0.03822223323542597
isobank,only_Bounce_rate_6D,10,0.5294542500074304,0.0012138903152491142,-0.12143869644501523,0.004604208730951407,0.6744657258310133,0.011323165052749145,0.6060950614445235,0.006198932042024815,-0.7311840467574461,0.0020929357133956613,0.5684275848861711,0.04892111505352496,-0.7630815939369519,0.029339101071787017
isobank,only_Bounce_rate_6D,20,0.5242744321494157,0.0015013420965064065,-0.12661851430302984,0.004731753020559966,0.6878043990796716,0.010509639670249982,0.6254118174776158,0.007424924376710048,-0.7078465956821585,0.003831751983196027,0.6051108877023984,0.05055221251118737,-0.7195271381224645,0.028263490591586678
isobank,only_Bounce_rate_6D,30,0.5196864391743748,0.0019220688823566904,-0.13120650727807076,0.004733350138667984,0.6934308798513704,0.010478203925594466,0.6228596531735769,0.006713067901971912,-0.7110955785722181,0.003297269023063779,0.6651781567059979,0.040239254213269994,-0.7099522036940872,0.026306731626553604
isobank,only_Bounce_rate_6D,50,0.5153357311466615,0.001666052150723945,-0.13555721530578424,0.004807395320740007,0.6991232871513453,0.010316344838582988,0.6222040121252957,0.008058980135713099,-0.7129128691012667,0.0032374349507364644,0.6386215617405749,0.04197345174058732,-0.714167163681436,0.025838138039310305
isobank,only_Bounce_rate_6D,100,0.5130040072135941,0.0017158121087461136,-0.13788893923885154,0.004955700519562761,0.705639379515745,0.010105731650894942,0.6244806242442378,0.007181420143789985,-0.7112234488661862,0.0033941122525800154,0.6410211121301559,0.038370613076185056,-0.7143928752306088,0.022151611238026888
isobank,only_IMU_LatAccelVal,5,0.5016194880711581,0.002242811190293629,-0.14927345838128755,0.004015877050161672,0.7111528573377763,0.009574232003949691,0.5074688443629478,0.007239107207891734,-0.7709243330460633,0.007443549376551219,0.49687554582824883,0.07034882613859557,-0.8069675130158588,0.02314243722732796
isobank,only_IMU_LatAccelVal,10,0.4939456502636557,0.0021737065481285877,-0.1569472961887899,0.003914533161164111,0.7136788187499754,0.00941019812562022,0.5044425061022147,0.0025764301231193244,-0.7629584998593781,0.0051726651687358195,0.5265000235332878,0.03706106873301246,-0.7698757747741236,0.024973021603355548
isobank,only_IMU_LatAccelVal,20,0.4977367258150517,0.0025256871149351937,-0.15315622063739395,0.004429937436620648,0.7206687322576188,0.008967538998916192,0.5055330926254493,0.00571269799364039,-0.73299395462792,0.0033679532371576827,0.5905550569823295,0.05845426029717861,-0.7159252963544319,0.023541717574309725
isobank,only_IMU_LatAccelVal,30,0.5001493690636856,0.0024985812234874327,-0.1507435773887601,0.004542265702211244,0.7247013898326892,0.009023912924828069,0.5122547509311637,0.0073694508237166865,-0.722510848695002,0.0026483338292884245,0.5714735626186594,0.050566237466335526,-0.7097217548194099,0.02235074822282433
isobank,only_IMU_LatAccelVal,50,0.503727938718417,0.002067560564713158,-0.14716500773402855,0.004453813497487492,0.7284020524938453,0.009066412308059536,0.533003904639435,0.0074242925576383945,-0.7098244078163801,0.0021992460626060807,0.577525243321513,0.05031832982581106,-0.7004307628647085,0.022477634082847375
isobank,only_IMU_LatAccelVal,100,0.5047593453634347,0.002023473206206052,-0.1461336010890109,0.004388972422185319,0.7310880543602104,0.008820340603487865,0.5466085249214849,0.0045672028325996735,-0.7020978806491801,0.002023262220309331,0.5870263911775655,0.048571937672989444,-0.6951646504310813,0.02117758075536483
isobank,only_IMU_LongAccelVal,5,0.5320015423321033,0.0031815705800943383,-0.11889140412034241,0.0044269138928989295,0.6450515269806912,0.009430470797989005,0.5992051785525409,0.0025001718241734728,-0.73178968354268,0.006262720274316958,0.5638459536181825,0.06795562590476617,-0.7789225722949352,0.04552240070252138
isobank,only_IMU_LongAccelVal,10,0.5303073686999675,0.003826414416592975,-0.12058557775247802,0.0046840591848275725,0.6490690914274874,0.009468472543833158,0.6296639522502478,0.004126751037318073,-0.7181861982673414,0.007154511995250191,0.5835647211152953,0.05675968755674094,-0.7652543305948949,0.04558890992059226
isobank,only_IMU_LongAccelVal,20,0.5249278159018644,0.0033956536487829547,-0.1259651305505812,0.005257594903024216,0.6559770982534985,0.009351815257907495,0.6387098049992469,0.0045861309745345216,-0.7103417081544303,0.004762635025329692,0.600186271612895,0.03749583991741194,-0.7578188993319728,0.0447773724727371
isobank,only_IMU_LongAccelVal,30,0.5234054238613594,0.003358491999781213,-0.12748752259108637,0.005253730323974305,0.6596945607025437,0.009268190176778959,0.6513185540805444,0.0038454252205588854,-0.7029519120408134,0.004268544438119059,0.6200910319282671,0.04133355109528549,-0.739087789597533,0.044898748898485046
isobank,only_IMU_LongAccelVal,50,0.5206639990737412,0.003468426417759402,-0.13022894737870455,0.005109120120604547,0.6662444564736274,0.0094759926706675,0.663572579531103,0.00395472640169513,-0.6960532461739676,0.0045191178822510105,0.624827064046005,0.04031581172966685,-0.726296156406108,0.03268754431879761
isobank,only_IMU_LongAccelVal,100,0.5169547968309692,0.0031341519998294614,-0.1339381496214764,0.004984404830939661,0.6758562791370575,0.009491569831327375,0.6682159597675426,0.0028982769145648045,-0.693742191960408,0.0036943778559987823,0.6095885505410494,0.047797638492037574,-0.7075753039196766,0.028829362026153965
isobank,only_IMU_VerAccelVal,5,0.5421252915672385,0.003287100918063424,-0.10876765488520716,0.005300404190645627,0.6628558182947553,0.011289950087314258,0.6070023493674329,0.006213448918351852,-0.7216740386088623,0.0046320383161517886,0.6476260877934437,0.04463187027112969,-0.763370999378856,0.033376146312825164
isobank,only_IMU_VerAccelVal,10,0.5444507302490118,0.0030068755975303863,-0.10644221620343389,0.005099672795920437,0.6784990503087078,0.011311219660408501,0.6439691567848593,0.005755745198056135,-0.6916135798560663,0.0038980879834103065,0.651300862942384,0.048775742302743584,-0.7241892903692471,0.030429549020541354
isobank,only_IMU_VerAccelVal,20,0.5281083692247639,0.0025580030616330295,-0.1227845772276818,0.004638132887319294,0.6900243010222138,0.010865002810441261,0.642173209682799,0.004856133663884394,-0.7009387110733198,0.003920753990028512,0.6561418608460057,0.04915178310332477,-0.7057664015361353,0.024527103646300126
isobank,only_IMU_VerAccelVal,30,0.5222880179577715,0.002235913846698869,-0.1286049284946741,0.00483265507787724,0.6948322137961391,0.010699340809866528,0.6421408199172708,0.005704695920699363,-0.703329649393804,0.0029503185376096135,0.6442389762606024,0.029588483628109678,-0.7099438320040988,0.023660232730941488
isobank,only_IMU_VerAccelVal,50,0.5213910562126246,0.00227281891414063,-0.12950189023982095,0.0049500243306124,0.7003258329494801,0.010338365849269124,0.6533876594910607,0.004813669202957851,-0.699265816585898,0.002640702408199709,0.6365544605988913,0.043212580401375336,-0.7158523991440151,0.018933166880980064
isobank,only_IMU_VerAccelVal,100,0.5214986328280893,0.001965350312147146,-0.12939431362435633,0.004811732527168283,0.7067227738578543,0.010113636867373762,0.690962927503861,0.005914483137903701,-0.692389857584782,0.0024213807787524925,0.706510553118026,0.03985517079987201,-0.6946413235260891,0.022655838057819726
isobank,only_Pitch_rate_6D,5,0.5332923875724344,0.0016327013320815455,-0.11760055888001117,0.0042149337829426765,0.6462616649222183,0.012428681468278645,0.5999617199274041,0.007247590842955647,-0.7335283441429734,0.004343848000659066,0.5996158390368475,0.02791047332658393,-0.7519350784247198,0.0339518860316956
isobank,only_Pitch_rate_6D,10,0.5197631618686815,0.001406402179007427,-0.13112978458376415,0.0038435333904476496,0.6609035028668895,0.011988455178348392,0.6008476369683022,0.0049193506581616244,-0.7335279875443914,0.005725081512358108,0.6597114078906126,0.028988212137948822,-0.7106605142682577,0.02424369395687178
isobank,only_Pitch_rate_6D,20,0.5100578768223814,0.0014337936964932882,-0.1408350696300644,0.004237079372612933,0.6733925723264014,0.01159171322746683,0.5873685618457017,0.006978799416967811,-0.7337683459574638,0.0031944827877898978,0.6047614876572319,0.028960638113067205,-0.7279862142183822,0.017812447230222624
isobank,only_Pitch_rate_6D,30,0.5079331811935707,0.0012769051315553166,-0.14295976525887497,0.004581078396066329,0.6793558583407077,0.011341148692949657,0.5825796705657467,0.007969561531236928,-0.7318187381112515,0.0024674324609640255,0.5906326608291933,0.04889719620682814,-0.7309805914900809,0.020008595774453884
isobank,only_Pitch_rate_6D,50,0.507820682523805,0.0013098830972020769,-0.14307226392864078,0.00429400821240936,0.6852445588674424,0.011025946281454126,0.5915080341029639,0.006631740752806731,-0.7271172000009296,0.0032727485340982134,0.6068126756846383,0.03812942776603602,-0.7341681155383315,0.017128790158461114
isobank,only_Pitch_rate_6D,100,0.5050632857839891,0.0017700910502489752,-0.1458296606684566,0.004821855538532055,0.6930709641383699,0.01086604832909637,0.5872666652335253,0.0057260659734675,-0.7252857516528729,0.0025819656003427303,0.5883703867480796,0.041532086551838904,-0.7291779445984942,0.01997536960148612
isobank,without_Bounce_rate_6D,5,0.5576538517647945,0.002671892287431989,-0.09323909468765106,0.004741375866146932,0.600333527767392,0.013524766369456006,0.6485806241998733,0.00475929401991199,-0.6961137674187513,0.005909599920336229,0.6215051899413137,0.03026188023715363,-0.7281555619145748,0.02859840442246194
isobank,without_Bounce_rate_6D,10,0.5437258442807091,0.0024095740249088157,-0.10716710217173644,0.004468965223330666,0.6232505737557184,0.012536447789204675,0.6610482060287988,0.004625889744185067,-0.6939398101754815,0.004146726882582188,0.6098364836510828,0.035716523037695486,-0.711268970485964,0.030176432384886244
isobank,without_Bounce_rate_6D,20,0.5304909134005741,0.002199068224099307,-0.12040203305187161,0.004512450332439793,0.6439510171780018,0.011831974630683995,0.6629463462640868,0.0028623600780783177,-0.6957591253811718,0.0031915725164858044,0.6251918263168799,0.020701544338331084,-0.7063988424607998,0.022918498488262894
isobank,without_Bounce_rate_6D,30,0.5264827357609733,0.002384516109667295,-0.12441021069147243,0.004567667444430745,0.6542002740106151,0.011326465647678528,0.6682113638177802,0.0035937936778488444,-0.6949670981257494,0.0028790461278595035,0.6541802041762904,0.03112615790149951,-0.7020782259144186,0.02055549685346813
isobank,without_Bounce_rate_6D,50,0.5241063495239583,0.0024613250949617345,-0.12678659692848737,0.004795673876702104,0.6645516340875024,0.010933762484593048,0.6748041667813037,0.0031581375765792276,-0.6917350800757728,0.002559167539860614,0.6397904986955967,0.022294015395050902,-0.7036547934414897,0.023253395969488853
isobank,without_Bounce_rate_6D,100,0.5188121716654244,0.002338500178341548,-0.13208077478702127,0.0045944933919472245,0.6763520511004039,0.010663580772603086,0.6732319306086407,0.004328562577206024,-0.6958172741188332,0.0027312426705407558,0.6442144887193445,0.0398709616703246,-0.6932649001661175,0.027486263765616296
isobank,without_IMU_LatAccelVal,5,0.5568862615024994,0.0026256558478663272,-0.09400668494994606,0.0033648772487142264,0.598003682073867,0.012630569144851942,0.6475025679071935,0.003602226070725911,-0.7023771660596594,0.004121520865000137,0.551109494096554,0.03802826595037627,-0.7771938561199828,0.030306280003416366
isobank,without_IMU_LatAccelVal,10,0.5377396122443376,0.0028354108079840534,-0.11315333420810796,0.004940455596952543,0.6205200475461614,0.01208645547058429,0.6431563285361257,0.004023563198117123,-0.7025519346833231,0.00453880567676643,0.5945971911962167,0.0243368262674327,-0.7372303374447655,0.02654821532708626
isobank,without_IMU_LatAccelVal,20,0.529548215512652,0.002604289404455408,-0.12134473093979374,0.00476876280555336,0.640242559497835,0.011560064822927344,0.645660939850572,0.004429919792120267,-0.7061354883289359,0.004097667923389205,0.6091809878235136,0.04197555637438885,-0.724605795201327,0.031484998641740286
isobank,without_IMU_LatAccelVal,30,0.5259598506745464,0.0024342026740120756,-0.12493309577789924,0.004335478014199761,0.6489572928599399,0.011155566251560703,0.6465406544733278,0.003932544668054367,-0.70449569876013,0.004389100877284929,0.5858966437103155,0.0364295725863808,-0.7159167511755689,0.02810350606514914
isobank,without_IMU_LatAccelVal,50,0.5197219278045782,0.002475541257291331,-0.13117101864786745,0.004848069919782836,0.6603614771193751,0.010817597808468157,0.6428723165495145,0.003989778057067585,-0.707621346793029,0.003260532985974983,0.5674533932368246,0.036551823756120455,-0.723967202108065,0.025717823873092762
isobank,without_IMU_LatAccelVal,100,0.5161312354910844,0.0025988481679747374,-0.13476171096136122,0.004823676919451582,0.6734317143821098,0.010463065051438744,0.6509607941254387,0.005547093973254964,-0.704752588505628,0.0027052666805502694,0.5946319760473371,0.04865355963971956,-0.7122422197396003,0.02677559083422328
isobank,without_IMU_LongAccelVal,5,0.5480500034044801,0.002845553385383058,-0.10284294304796562,0.005414102948446047,0.6077586980291645,0.015017441317598216,0.5978763965131496,0.009094584558838586,-0.7256462804368566,0.006311794583415015,0.6546221973136228,0.041315172325634336,-0.749069019411991,0.03485065640206982
isobank,without_IMU_LongAccelVal,10,0.5381200695406214,0.0018587316378622081,-0.11277287691182414,0.004853830169128342,0.6368575123614679,0.013316904783995106,0.6112365664034953,0.007514980106925018,-0.7131614538343262,0.004489665900421707,0.6420752292822978,0.04823289623252733,-0.73083808956708,0.0394949922596509
isobank,without_IMU_LongAccelVal,20,0.5299074877176169,0.0021130848317149663,-0.12098545873482873,0.004897474756539919,0.6577333320138674,0.012368588351866551,0.6211016583745804,0.005325261022577278,-0.710138593629879,0.004412834369491344,0.6263107357650369,0.040240890484546,-0.7261029703001679,0.02851312398511254
isobank,without_IMU_LongAccelVal,30,0.5254734668689041,0.0015678405826646748,-0.12541947958354147,0.004900907155949532,0.6696452899836353,0.01180050635821001,0.6127566869400186,0.005744122666343869,-0.7085600994226138,0.0036385068633922194,0.6355250109451587,0.03754809621703908,-0.7065612508348675,0.023253376290237358
isobank,without_IMU_LongAccelVal,50,0.5218040092401717,0.0014960628498252723,-0.12908893721227394,0.004835108060161498,0.6793068567577414,0.011315279447725307,0.6222515801584334,0.007084987696757449,-0.7083038684059723,0.003652903315820154,0.6314638920701436,0.04051239562609003,-0.7075352314134418,0.02451338770168636
isobank,without_IMU_LongAccelVal,100,0.5192644387468264,0.0015862460997982414,-0.1316285077056193,0.004948943365993338,0.6914970951778873,0.01070005881385063,0.6463032444367559,0.005877019806361783,-0.7033533519195455,0.0028523990543010253,0.6486876380742983,0.03329488862315723,-0.7001131449380006,0.02209117148440057
isobank,without_IMU_VerAccelVal,5,0.5495785661029322,0.001941906938852686,-0.1013143803495133,0.004774480865925935,0.5956616593755986,0.013292454985651899,0.6303382483254929,0.002708918048544901,-0.7134204889043559,0.0034371059603795304,0.6100574571823063,0.030446437898289856,-0.7624036412591075,0.026698421997175925
isobank,without_IMU_VerAccelVal,10,0.5403963811377738,0.0023806323144836554,-0.11049656531467178,0.005144954247142388,0.6217764448987546,0.012190835688242285,0.6528958074997339,0.003953266782485334,-0.7027784483110924,0.0044691441120864464,0.5941390077980692,0.02194155958795201,-0.7508886475474669,0.029537190259082205
isobank,without_IMU_VerAccelVal,20,0.5273564025999085,0.0024773960699909685,-0.12353654385253728,0.004780440150604926,0.6412796774463063,0.011446625879119763,0.6498210769374916,0.0027781902903052783,-0.703137532303073,0.00423849211875074,0.617053027282585,0.024651921332152073,-0.7206726056879792,0.025261510689800596
isobank,without_IMU_VerAccelVal,30,0.5222297231994595,0.0027161659398808255,-0.12866322325298613,0.0048401181998134635,0.6517297621932736,0.011179967349651952,0.6499830940069338,0.0037827039013821895,-0.7042715176797504,0.0042132056598033285,0.6035755511683855,0.025606493115188964,-0.7191713943855322,0.025473587558075664
isobank,without_IMU_VerAccelVal,50,0.521079397074409,0.002582026898597561,-0.12981354937803666,0.00482415612172151,0.6627476719673002,0.010770414149402571,0.657360351380167,0.002584386443468821,-0.6994541286644969,0.0039753160898137446,0.6117048908330955,0.038452447060709674,-0.7126679620006803,0.026497387272838777
isobank,without_IMU_VerAccelVal,100,0.5164106461250811,0.002357150135614194,-0.13448230032736452,0.004539594281104521,0.6751846315201544,0.010575797840525477,0.6507216926585839,0.0039011676798407714,-0.7030793158338062,0.0034531442649592937,0.6167370455624901,0.04206518657842358,-0.7053362810946056,0.023958369336770476
isobank,without_Pitch_rate_6D,5,0.5424594510534088,0.0031736250245396683,-0.10843349539903693,0.004192884690410436,0.60448919318005,0.012806890795865233,0.6308012639701349,0.0027706783858186417,-0.7137116766758725,0.005241851551730014,0.6375086209428654,0.04972164742544531,-0.7324248550492023,0.043568790084004064
isobank,without_Pitch_rate_6D,10,0.5401380106911517,0.0024939030239819453,-0.11075493576129385,0.004881788658499499,0.6293099040575729,0.011579964569028146,0.6627466118656717,0.004480743789603711,-0.6928818174480382,0.004262478697666541,0.6607464645385968,0.047863258342382496,-0.7036534343368752,0.03177314998169236
isobank,without_Pitch_rate_6D,20,0.5332773313150997,0.002630249374144577,-0.1176156151373459,0.005135733946939225,0.6485012066226898,0.011005222950412813,0.6699152183833877,0.0029090150834863893,-0.6879578578296421,0.0036592284474043363,0.6515412925077372,0.012650090466728738,-0.6963143504274977,0.02474003587512158
isobank,without_Pitch_rate_6D,30,0.5306795944006416,0.002788675289295356,-0.12021335205180399,0.00520218230085193,0.6580751224025,0.010887224588644162,0.6748042985947877,0.004933195275321806,-0.6871478993384211,0.0037844707371362625,0.6616797630688463,0.021962079937945345,-0.6849155703607193,0.029179894566767305
isobank,without_Pitch_rate_6D,50,0.5253607219878852,0.002574666793384527,-0.12553222446456053,0.004917487253803607,0.6675902705086678,0.010586753929464968,0.6736864738016454,0.005502186703670935,-0.6907119678976613,0.0031917543229576994,0.667598190873629,0.04834518909009228,-0.6900655338420388,0.03031124518250096
isobank,without_Pitch_rate_6D,100,0.5204319923076282,0.0025171010822395484,-0.13046095414481748,0.004685117189853519,0.6814349865457243,0.010315694975114495,0.6758171578490636,0.004382290180342461,-0.6953374608721198,0.0030978560174803054,0.6899840874658281,0.04988400211844912,-0.6905980997763463,0.028936401999994647
pca,full,5,0.539321100763278,0.0032286519358980495,-0.11157184568916767,0.005322343977083962,0.5645487089449273,0.011958848196483287,0.5992304958169159,0.00571476806563635,-0.7215217088794472,0.005678893178421101,0.6201469204519364,0.055280397508264,-0.7292255295998122,0.043889982251888796
pca,full,10,0.5329254342209155,0.0028384961166669806,-0.11796751223152999,0.0050546622919352,0.5901247800915135,0.011431255824395749,0.5962424584775823,0.005984905339237135,-0.7078074110385612,0.004424850355986699,0.5850479027468143,0.0700109931061647,-0.7258027556442749,0.043844615745037466
pca,full,20,0.5255121638354366,0.002573670265175459,-0.12538078261700902,0.004591575982780741,0.6069758999296033,0.011503657095648013,0.5887370630398873,0.0051408457663463915,-0.696092218415679,0.0036150290584527323,0.6029795739440453,0.07018708908542409,-0.6981013294763803,0.034330319223153404
pca,full,30,0.5207535106024955,0.0019268330526699196,-0.13013943584995014,0.004425829688276364,0.6174274897057836,0.011570742755021632,0.5891282142423199,0.004428020310626088,-0.6944720963636041,0.002216551761313657,0.5558431544481304,0.05834847714322768,-0.7017900070497182,0.030038950773776645
pca,full,50,0.5171945666215542,0.0019174501251403332,-0.13369837983089145,0.004436639211555783,0.6288100921799563,0.011474318206733326,0.5889377962107745,0.007232640342567507,-0.6914993997135761,0.002213483193789562,0.5518112640056173,0.058009014959667995,-0.7038400051358802,0.02753223687718875
pca,full,100,0.5130442350083564,0.001992600867989487,-0.13784871144408917,0.004618089520237513,0.6426649431382603,0.011496473190782747,0.5783681166804732,0.006158252180792273,-0.6913472845674293,0.00157558409565546,0.5386733505009202,0.056377394618785964,-0.7069049061439584,0.018578019661467233
pca,imu_only,5,0.5394322957750355,0.004871060930833462,-0.1114606506774101,0.0068042172708534365,0.5375861006121707,0.012655793227484839,0.5815668815669517,0.009813076521865022,-0.7285944951264007,0.009398751332116593,0.5823320238650546,0.07700937842764104,-0.7468587641318056,0.08180200447116039
pca,imu_only,10,0.52751414841572,0.0026345321152599034,-0.1233787980367258,0.005065490600570223,0.5584720234978334,0.01210569137371257,0.5862497251060208,0.006243862591634035,-0.7078632578230514,0.0048656055142186315,0.5862163086844986,0.07808910460119427,-0.730122820127873,0.06197662933616374
pca,imu_only,20,0.5253104090434244,0.002431560792773969,-0.1255825374090212,0.004786097634934476,0.5783799142261283,0.011907064647915647,0.6040076044677579,0.004299443087869004,-0.6883674753975011,0.004584635321538381,0.6051702787090922,0.08010141379132223,-0.6911341739572117,0.04418041939732714
pca,imu_only,30,0.5245476084569735,0.0021386770108906892,-0.12634533799547218,0.004664676339507931,0.5865267380660747,0.01200908738617409,0.6150112221190198,0.004855937711998382,-0.6823523506553733,0.003789340087053646,0.6123372351539195,0.08160853778912705,-0.688977378912474,0.04021903242910713
pca,imu_only,50,0.5171653962541827,0.002203157075719867,-0.13372755019826305,0.0048089126674078185,0.6004741432640376,0.012171216846065187,0.5942688065982109,0.004884164161835969,-0.6885895019680104,0.0029421504087786218,0.5841953442091591,0.07196377916028757,-0.7020416414347312,0.03420119900157387
pca,imu_only,100,0.5145740232804635,0.0021362220814685057,-0.13631892317198227,0.00458290902217137,0.6186748354932464,0.012084604136221335,0.5821806318000249,0.004815723834662262,-0.6871662230199356,0.0023032198798521577,0.5713537867940677,0.05357535379151856,-0.6947724934021188,0.022504469634562065
pca,only_Bounce_rate_6D,5,0.5457878363095954,0.0027475849166230686,-0.10510511014285029,0.0058225364254054,0.6393986572693615,0.01258774392629292,0.6170594570893324,0.006233350554017727,-0.6991606761251008,0.003673517305226564,0.5834434662683836,0.07051493807173556,-0.759733004768416,0.05023131330427352
pca,only_Bounce_rate_6D,10,0.5287039719085864,0.0025712582090021744,-0.12218897454385927,0.005226218168066304,0.6642604925190272,0.011731072016275733,0.6228817275701792,0.004754224628109659,-0.70147996854878,0.0032281998281985056,0.6298643217310189,0.05124523130804975,-0.7193465111185842,0.04086181343509592
pca,only_Bounce_rate_6D,20,0.5239185271391554,0.002597771804079211,-0.12697441931329012,0.00522315451504347,0.6824176728798793,0.011021520332541576,0.6331318471762893,0.004867836842498986,-0.6991698359783556,0.003178889649683073,0.6130012971068763,0.06733697431998828,-0.7018943037521417,0.043496598323977564
pca,only_Bounce_rate_6D,30,0.5200965596696125,0.002561686576217382,-0.13079638678283317,0.00522247026647948,0.6895512829111471,0.010731446666011016,0.6357841533110555,0.00416894235862825,-0.6978517380765084,0.002934487437417694,0.6439527142774342,0.0564486032796693,-0.6938096860993901,0.04245286974868809
pca,only_Bounce_rate_6D,50,0.5208442055193228,0.0019466221816821193,-0.1300487409331229,0.00503010147883949,0.6961664334546984,0.010513938564935703,0.6565625207738236,0.0038854031800017643,-0.6875710686787491,0.0019308782952283704,0.674438364076888,0.0451515660810692,-0.6863620027387058,0.03514502300141605
pca,only_Bounce_rate_6D,100,0.5151122032179473,0.0020331270507593095,-0.13578074323449846,0.004510106848665643,0.7033388427928546,0.01042871196877812,0.646194801019218,0.00354024284035594,-0.6899173223682387,0.0012676096951985945,0.6736114654427251,0.048843081990426786,-0.6832679834262914,0.024818952388510097
pca,only_IMU_LatAccelVal,5,0.525194168094739,0.0026129525849343084,-0.12569877835770665,0.004768844753827772,0.657684663747825,0.011548006350947366,0.5360885083060296,0.007078743196829445,-0.7402777668057905,0.004864844570248164,0.5470550488558448,0.04909966904422843,-0.7606616362204534,0.043099130988281394
pca,only_IMU_LatAccelVal,10,0.5163487187765867,0.001840881148365772,-0.13454422767585902,0.004154441271853932,0.6838933849872186,0.0104959612046279,0.5424234715095494,0.008291030547894868,-0.7291125525749139,0.004752868229835016,0.5726814695600967,0.07056920659425835,-0.7091698305150165,0.03563160226060367
pca,only_IMU_LatAccelVal,20,0.5147500081242847,0.00195780277454407,-0.13614293832816088,0.004678892888984098,0.7023592978920989,0.009611296374657503,0.5503527637977002,0.008225987626242161,-0.7116350648147782,0.003844538621039666,0.5781249017097352,0.07093287831970876,-0.7004614755749107,0.038968461114701265
pca,only_IMU_LatAccelVal,30,0.5136698782113749,0.0017536138644043458,-0.13722306824107067,0.004383828213375951,0.7116138468029714,0.00955533812109785,0.5687768143008805,0.0074489262982913975,-0.705348701084102,0.002834381738474744,0.5518675733298557,0.07783054573252289,-0.7019884480122516,0.03222747775802241
pca,only_IMU_LatAccelVal,50,0.5102979919079087,0.0018100736418814626,-0.14059495454453685,0.003965284023773601,0.7185931722349249,0.009322793136004218,0.5610942570036415,0.004464954899888294,-0.7046016855334297,0.002298656368203555,0.5897787223169634,0.04871824263714994,-0.6911234975176782,0.025228343793316597
pca,only_IMU_LatAccelVal,100,0.5050819422026672,0.0018723513114034024,-0.14581100424977844,0.004072667221410856,0.7260520409003587,0.009408137754237638,0.547914848739814,0.005226752431107713,-0.705838644105861,0.002222212522011795,0.5759485027024625,0.06602281594793145,-0.6899386102576038,0.01951868762214386
pca,only_IMU_LongAccelVal,5,0.5327024830780289,0.004074317504445753,-0.11819046337441677,0.004589586433738164,0.500427246235212,0.01361798295335562,0.5348259428291378,0.007030726644364518,-0.7490861803002448,0.006266346267995839,0.5081940183286565,0.05311709413270926,-0.7919070092738085,0.03626833777726945
pca,only_IMU_LongAccelVal,10,0.5306319026472854,0.003626118526627367,-0.12026104380516009,0.004772097076841236,0.5166464215172712,0.013746207502556196,0.5502575787877404,0.006975640190224296,-0.7261997494943572,0.006531180849605461,0.5211945255010869,0.06490906034020864,-0.7496784384413575,0.04284578351761377
pca,only_IMU_LongAccelVal,20,0.5273277404796837,0.0028361179345914173,-0.1235652059727621,0.004311677096961013,0.5363377742593557,0.013857271606129366,0.5509173142811233,0.006399794082343255,-0.6988099333464269,0.004002710147983298,0.5611446190876712,0.056345761775833676,-0.7108549227388399,0.0338464382613473
pca,only_IMU_LongAccelVal,30,0.5248760170075932,0.002812204879682776,-0.12601692944485243,0.0043967719980019734,0.5458780846985131,0.013647392381955996,0.5510552249369782,0.006753973665668622,-0.6922833751877583,0.004130073532813347,0.5320736221043557,0.06735925430745589,-0.7034007674856161,0.03149001442863506
pca,only_IMU_LongAccelVal,50,0.5207135712487118,0.0026247391478430512,-0.13017937520373396,0.004155899586775042,0.5590958707281016,0.013527755100172388,0.5471877462383982,0.005626190104992706,-0.6904697951337472,0.003008759542021853,0.5209864301199353,0.04772949294618564,-0.6992575749230481,0.02484909012903896
pca,only_IMU_LongAccelVal,100,0.5191690682376805,0.002476635249734827,-0.1317238782147651,0.004455223128590396,0.581999856801297,0.013137537562712551,0.5569372285322217,0.005242207055417565,-0.683995390986025,0.002591844941684212,0.511807086856284,0.04923491884656654,-0.701013202362356,0.022459188807501355
pca,only_IMU_VerAccelVal,5,0.5496363398410822,0.0022496376517926464,-0.10125660661136357,0.005840423568581639,0.6409054317514287,0.01190799705139749,0.6487016708897276,0.007540565652089906,-0.6868711769333022,0.0032120693952435446,0.5936112704573141,0.07967953044749587,-0.7450983857145796,0.06167712476686534
pca,only_IMU_VerAccelVal,10,0.5446997571453238,0.002320662729541731,-0.10619318930712182,0.0056647859631365205,0.6607879207979742,0.010927822048483134,0.6692515352905379,0.005831661295431202,-0.6756668826429982,0.0026763955640718524,0.6182028157473547,0.06795505721670822,-0.7191649426886958,0.04558607081113541
pca,only_IMU_VerAccelVal,20,0.5358268305995812,0.00200131604172469,-0.11506611585286441,0.005421863958045631,0.6770832166582983,0.010619835120688861,0.6897565970794416,0.0059729922070251755,-0.6743022646101492,0.0026491948187581916,0.6702688712512705,0.0489724915487969,-0.6870142546871417,0.04187838805247714
pca,only_IMU_VerAccelVal,30,0.5314738354816526,0.0016892898407379559,-0.11941911097079301,0.005142318984613112,0.6839315516960851,0.010491929778693938,0.6896258417675709,0.005187551324226961,-0.6759349599671962,0.0026455406463983446,0.6735997240574239,0.044919479962744896,-0.6863296391080741,0.034326821386933784
pca,only_IMU_VerAccelVal,50,0.5203150107395864,0.0018053473729772575,-0.13057793571285928,0.00494322355915801,0.6907356655659838,0.010466579559363887,0.6678649594243529,0.006621390587168661,-0.6887544898770261,0.0026039725925726146,0.6572654472806441,0.048063680358566827,-0.6945305630810148,0.031674804292351276
pca,only_IMU_VerAccelVal,100,0.5164328804225066,0.0020543321896600696,-0.13446006602993918,0.004973368734773193,0.6998380930711274,0.010288261170389562,0.655348726033341,0.006485110849205352,-0.6905323509431918,0.0021289184347262607,0.6298485340573794,0.05463035671858455,-0.6924386791367269,0.02641764538223545
pca,only_Pitch_rate_6D,5,0.5351158129161799,0.002488917304720876,-0.11577713353626576,0.005697475744080939,0.6523588605158444,0.011603973556794267,0.5886665079065189,0.008033094891709577,-0.7253316526867568,0.004206974689692075,0.5565237291149263,0.06933758359850349,-0.7718362208692098,0.05087620591976659
pca,only_Pitch_rate_6D,10,0.5294081942318114,0.0017298169453878788,-0.12148475222063419,0.004950956539711551,0.6700915386882531,0.011189262417333104,0.6171292565855426,0.0060975060759526,-0.703688569530868,0.003145485809260524,0.5552663209460691,0.06949169778607611,-0.7408735503660339,0.031289893718725065
pca,only_Pitch_rate_6D,20,0.5218858364524925,0.00184140812629003,-0.12900710999995302,0.004992439223793757,0.6839438382708839,0.010953396085337203,0.6103206593898968,0.004819804189576163,-0.6987700971616062,0.0018671543559228955,0.5753257245434599,0.06634057942985858,-0.721179337239849,0.03563160878240608
pca,only_Pitch_rate_6D,30,0.5159899285978132,0.001896464127812435,-0.1349030178546325,0.004934680212160172,0.6910553167324639,0.010591677187090844,0.6139482612460058,0.007026722912996585,-0.6999230300228545,0.0020411538510269655,0.5997259171886886,0.08518968162070924,-0.7092198352549823,0.03250412900787047
pca,only_Pitch_rate_6D,50,0.5105097312970788,0.001980543589167556,-0.14038321515536684,0.0049298694763656985,0.6964500315859377,0.010695141397731998,0.592849135256315,0.007666588821575433,-0.7027856398963858,0.0017970533281982497,0.5714346677237738,0.0802934901055551,-0.7053432904864998,0.029073733301109152
pca,only_Pitch_rate_6D,100,0.5054696548514146,0.0022598091067208277,-0.14542329160103096,0.004856018486026725,0.7024660538420243,0.010525054135232597,0.5978539423440574,0.008418146250766628,-0.7046980811922557,0.0015483979252917312,0.5422985058928442,0.06971647893705302,-0.7127289833557537,0.021046715819302085
pca,without_Bounce_rate_6D,5,0.5385489557319095,0.004406582206008019,-0.11234399072053605,0.006528931016878391,0.5488429982312574,0.012386742620183864,0.5959615031860132,0.006875269483897252,-0.7264084414537981,0.00688274971169374,0.5655503687455786,0.07819612686716629,-0.7708978386640105,0.06443078246771884
pca,without_Bounce_rate_6D,10,0.5266662249177633,0.00228107416847594,-0.12422672153468232,0.005387343834446445,0.5734071847237019,0.011908141737371546,0.5951133850566757,0.005797182522103553,-0.7189693405844582,0.0034318478814881195,0.5790071467357872,0.07045018687068112,-0.7371382176589989,0.05973078301702276
pca,without_Bounce_rate_6D,20,0.5207921045414802,0.002224340011108006,-0.13010084191096555,0.004850347911885469,0.5905282186763621,0.011876771041345081,0.5961502518037356,0.0045064251043740195,-0.7030256163282567,0.003538940124008883,0.5828585004336558,0.0715414828722343,-0.7107547138015062,0.047123627256474114
pca,without_Bounce_rate_6D,30,0.5167115492912406,0.0025122250752762447,-0.1341813971612051,0.004790107686650475,0.6001512059669943,0.012105160797472729,0.5897609045858039,0.005368864858545399,-0.6998487316149657,0.003673428037658351,0.5794010791204867,0.07154947681515005,-0.7141865838317824,0.04132173546895336
pca,without_Bounce_rate_6D,50,0.5131285371901249,0.0022723321131561084,-0.13776440926232073,0.004744834075325889,0.6112548951384462,0.012167480655019002,0.5934186703112082,0.0035607867134379184,-0.6965635954608647,0.003236530258376602,0.5714715872588537,0.05975513687745787,-0.713580340305683,0.03451666742621028
pca,without_Bounce_rate_6D,100,0.511856629279271,0.0018581818628782862,-0.13903631717317466,0.004620735003286231,0.6291027123309983,0.012038668061222585,0.5919946881590507,0.005480530184351517,-0.6898870992623082,0.002112711852496965,0.5608421684823297,0.05239683166979709,-0.7044695654039229,0.01999970399270535
pca,without_IMU_LatAccelVal,5,0.5402553423852611,0.0031844822665557135,-0.11063760406718445,0.005299895683560751,0.5594474130420375,0.012501079821082868,0.5996624648145119,0.00582658992141098,-0.717228218355326,0.006053031880066304,0.6132186544755571,0.05890909866740515,-0.7341217466606584,0.05364021533009034
pca,without_IMU_LatAccelVal,10,0.5343888613097303,0.002875814046465338,-0.1165040851427153,0.0048170554156544195,0.581634208975139,0.01242643735663701,0.6085213065224511,0.00646634762886959,-0.7013314042252901,0.005706549206642401,0.6045689194762677,0.060214294885582144,-0.726626124031194,0.03693718879857688
pca,without_IMU_LatAccelVal,20,0.5220330361452616,0.002499731570585915,-0.12885991030718408,0.004902624993464342,0.598869986709819,0.012477753624689787,0.5882878819378131,0.004484324560637165,-0.7034254615666579,0.0033140671595426915,0.5921227699708604,0.060489687006547416,-0.732495899893597,0.036022561171930936
pca,without_IMU_LatAccelVal,30,0.5203809069478991,0.002210681756095211,-0.13051203950454643,0.004493811498801208,0.6090412121632924,0.012341669792795324,0.5867295270136756,0.007145592440740352,-0.6956322441376153,0.0029003412965963858,0.5735516713627533,0.057166462199577,-0.7224975253344064,0.02662015904264393
pca,without_IMU_LatAccelVal,50,0.516348063559606,0.0019247017155751623,-0.13454488289283967,0.004606408914352299,0.619554200587162,0.01227216184595909,0.5745483129608402,0.0072038220652526855,-0.6925441039698832,0.001911255497137576,0.5745424709726843,0.06672019793161559,-0.7143261466262081,0.022206689024816397
pca,without_IMU_LatAccelVal,100,0.5141352580007834,0.0021008212260086164,-0.1367576884516622,0.004533594883101269,0.63420828559501,0.012224144010968324,0.5891728302158112,0.008722710252617378,-0.6891610874153103,0.0018635281524322753,0.5625128316848318,0.05799387656048316,-0.7034628434295671,0.016189548251518217
pca,without_IMU_LongAccelVal,5,0.5419418949435199,0.0020722530485504887,-0.10895105150892584,0.005645381462923771,0.6370244430621714,0.013153500143502753,0.631662405863206,0.006328197239146634,-0.7138823166911795,0.002481063804679634,0.6000668198961157,0.06321803559884237,-0.7499331189873761,0.04846513844718801
pca,without_IMU_LongAccelVal,10,0.5284092555109184,0.0018134187018619412,-0.12248369094152715,0.005341756458011114,0.6636967860629284,0.011960438930510298,0.6147172119282773,0.005511753763901643,-0.7096573849436305,0.0030412461964209256,0.5884983923497116,0.05100679054223996,-0.7332087385943282,0.032848150941415515
pca,without_IMU_LongAccelVal,20,0.5183811486559686,0.0015608865737668537,-0.1325117977964771,0.005000644700784765,0.6791241597299594,0.01107474111793612,0.6184857332917051,0.00792512584701219,-0.707194334288279,0.0027533620112297377,0.612023958144085,0.07070444924500735,-0.7014561034063339,0.03175218071502254
pca,without_IMU_LongAccelVal,30,0.5180738428858984,0.0015001170016686253,-0.1328191035665473,0.0047684275015808944,0.6847619764393115,0.011048419399491095,0.6224273165689861,0.007475000623260678,-0.6989307390136339,0.0016089018280597506,0.600767829444828,0.07138107375134498,-0.7044091114295362,0.028592073495561504
pca,without_IMU_LongAccelVal,50,0.5162679852143943,0.0017674917652772551,-0.13462496123805145,0.004709757996767217,0.690640442869401,0.010994331773893702,0.6239579733289451,0.005995390222335812,-0.6947701727876205,0.001907028285587489,0.5859040822849539,0.06399513064525421,-0.6980436454407356,0.026233374498879993
pca,without_IMU_LongAccelVal,100,0.5147300498041114,0.0019498484183928068,-0.1361628966483343,0.004730664189424221,0.6943883398634484,0.01102825106774172,0.6296188213340931,0.00563881199829895,-0.6896896465840914,0.0015281852325190353,0.5859051172021551,0.06366548345112572,-0.689191373371692,0.023323203897230447
pca,without_IMU_VerAccelVal,5,0.538700543256066,0.003281007869076413,-0.11219240319637973,0.005564987214260511,0.5535932321613671,0.012843149081179304,0.5940206383994323,0.0060215355511227305,-0.7326287476508768,0.0048869059948587965,0.5601436080523421,0.07275490895649278,-0.7726978584013612,0.053126237842247764
pca,without_IMU_VerAccelVal,10,0.5266157854552563,0.0028369958184353197,-0.12427716099718926,0.005093224806677798,0.5780737492914299,0.0127591373379372,0.5898078861309168,0.004978612330595428,-0.7173266479246423,0.006322820032029015,0.5844169197558273,0.0754748023001089,-0.7160266938001081,0.04165884386032769
pca,without_IMU_VerAccelVal,20,0.5240443292360524,0.0026638755247192546,-0.12684861721639312,0.004720785968525834,0.596120428143686,0.012584227606318056,0.6071566101268695,0.005264473310037697,-0.6908686186728761,0.004064127997050715,0.591379709735339,0.04792379631046344,-0.7099600308282147,0.02792245991398303
pca,without_IMU_VerAccelVal,30,0.5223389834988806,0.002106421834834557,-0.12855396295356497,0.004611838022738093,0.606519290130868,0.012364864929458857,0.6122462996341378,0.004558088948330304,-0.6835930647188566,0.0031499533433805224,0.5998327932579257,0.06790443586040706,-0.6888706914543923,0.032002903707378266
pca,without_IMU_VerAccelVal,50,0.518008948149738,0.0018444708406218059,-0.13288399830270775,0.004730141100825053,0.6174691401743717,0.012417785542277664,0.6089139376243302,0.004221646770511447,-0.6861209342334569,0.002444999057461829,0.5759135235934055,0.05803079778232223,-0.7007227437840501,0.030478279246142062
pca,without_IMU_VerAccelVal,100,0.5141865634824652,0.0019016410701428387,-0.1367063829699804,0.004663169636217415,0.6334394331778809,0.012204777096554365,0.6013973058953451,0.005073891135981615,-0.6847433929944194,0.0021985760774028426,0.5493888458862162,0.05066147643398466,-0.6977843597687883,0.016171534502600903
pca,without_Pitch_rate_6D,5,0.5515899325825918,0.0032545273980407,-0.09930301386985377,0.005768781841701047,0.5513620570919395,0.012887713771370496,0.6287366463671107,0.005045511465835879,-0.6932570315371137,0.005219760295115174,0.6182620414519631,0.06102617139938941,-0.7297604849343772,0.05718445549549967
pca,without_Pitch_rate_6D,10,0.5382062450685632,0.0027149854076921765,-0.11268670138388244,0.004894676134322364,0.576665780501272,0.012498542147813518,0.6337511637480807,0.003915972685153877,-0.6909813322824684,0.004680497040800195,0.6216897702655357,0.06270413245009879,-0.717784434130982,0.05168774984586067
pca,without_Pitch_rate_6D,20,0.530754736186023,0.002709967434701756,-0.12013821026642255,0.004761234207236518,0.595364894054806,0.012384755378987252,0.6176708490334575,0.005249726723685465,-0.6828761069507211,0.0042883741816234985,0.6079378588960574,0.07135431180001213,-0.690356091486147,0.03961238241919145
pca,without_Pitch_rate_6D,30,0.5289561752821705,0.0020400543680738057,-0.12193677117027509,0.004723265768576184,0.604569094114662,0.012253290288799547,0.6267554240334122,0.005149208787194556,-0.6766019826360516,0.0030872967791548385,0.6039213925885851,0.08039524537956216,-0.6874747034775734,0.04051609903313412
pca,without_Pitch_rate_6D,50,0.5217148743742165,0.0019646891466269948,-0.12917807207822923,0.004648112665091124,0.6160069779010036,0.012197716062619456,0.621337940467258,0.006249779297064361,-0.6803519267797472,0.002827759365799338,0.5749301663140451,0.06789347481693726,-0.7008672470950286,0.030861205039699448
pca,without_Pitch_rate_6D,100,0.5149259523220955,0.0020549838902406475,-0.1359669941303501,0.004439091768798348,0.6322572370369491,0.012145288713408515,0.5931644480515951,0.005234809932382294,-0.6850445114629269,0.0025523957518070665,0.5610720071727116,0.05230741772216875,-0.6929951762456977,0.017959268115828448
raw_rbf,full,5,0.5458886722379118,0.003841714767366399,-0.10500427421453382,0.005498756042388795,0.5736070613065288,0.013158534461813344,0.6080691347619089,0.006044894057457836,-0.7126465944791004,0.005726020767720247,0.6133529079007632,0.06326477646401447,-0.7317766529287708,0.05306271147050004
raw_rbf,full,10,0.5380574484032687,0.0022017680959494,-0.11283549804917692,0.004903532498392894,0.5970845611606203,0.012494741250623491,0.6170275952453589,0.005461698454473279,-0.6895844454333815,0.003822978660139334,0.6227066380572407,0.06852927445011799,-0.7013032861113133,0.04125134918585769
raw_rbf,full,20,0.5287238486153377,0.002460768761909423,-0.12216909783710792,0.005238665484560202,0.6158778595875767,0.012120125686908352,0.6128032216373678,0.005476605903561819,-0.6841550473155456,0.0029094812930256057,0.60315481438898,0.06939504598291227,-0.7050586946993032,0.035461930899903876
raw_rbf,full,30,0.5258663392193038,0.0020525122301575,-0.12502660723314182,0.00496182209705404,0.6246544829218524,0.01223779183672137,0.6156848043187592,0.005284694214755768,-0.6814053737044073,0.0025318583339972896,0.5922113521431436,0.06854314435583084,-0.6898240576932949,0.03570733157405783
raw_rbf,full,50,0.5213613095667935,0.002085786588874117,-0.12953163688565217,0.004559481260418715,0.6347661775672794,0.012137025929474441,0.6158291252725063,0.004627534795633778,-0.6817201102810231,0.0019751551806364994,0.5539753129682488,0.05055683724644931,-0.6987420692795222,0.020279202978783925
raw_rbf,full,100,0.5166450994915446,0.0021142366570253836,-0.1342478469609011,0.00460886195711068,0.6485928103212041,0.012069680625623313,0.6107135529143006,0.004649779221931068,-0.6834606155949078,0.0019426623631892813,0.5717475514712802,0.054663608828043664,-0.6875445784890541,0.01794634041630865
raw_rbf,imu_only,5,0.5481465347696102,0.0032450290479600335,-0.10274641168283556,0.005689522700474086,0.5470912669828122,0.012699610168421974,0.5879367832010848,0.005560481044799356,-0.7110392608623364,0.002978916075491584,0.5888716801984472,0.06943148817663772,-0.7440029350301057,0.05614487091934569
raw_rbf,imu_only,10,0.5407492076419002,0.0031419982413745016,-0.11014373881054555,0.00526942788569513,0.568634287337759,0.012167086419006237,0.6052022340967569,0.006681539100742512,-0.6887536013481799,0.004351280502347707,0.6146075660004993,0.06761566001670535,-0.6996958098479527,0.03912504463864385
raw_rbf,imu_only,20,0.5346514991507147,0.0028319809328471103,-0.11624144730173089,0.005255051560800468,0.589388750489048,0.012162414410790197,0.6196360626906828,0.004830346531441796,-0.6784341876746632,0.00342450870778723,0.6228320349477154,0.0798491052118504,-0.6769981079348664,0.053148369911367295
raw_rbf,imu_only,30,0.5295501511948,0.0024865461824340822,-0.12134279525764571,0.004788493212361071,0.5988083985382551,0.012369239429750658,0.6202513153404404,0.005124769947037173,-0.678597427843283,0.002805769784202936,0.6415273536195965,0.07087717968208837,-0.6695152600979088,0.04110411275985623
raw_rbf,imu_only,50,0.5236107149759999,0.0021015327731214303,-0.12728223147644566,0.00459381506063203,0.6120885055925249,0.012395592497097825,0.5994311839868496,0.005872967117070068,-0.6826327067187868,0.0026057595191026537,0.6072803171663421,0.07975502265285155,-0.6837753273431801,0.027848488900686013
raw_rbf,imu_only,100,0.5195187085810067,0.0022051251236030077,-0.13137423787143884,0.004476422056974465,0.6301293595110955,0.012332697503438277,0.5865061996985759,0.004268309061495663,-0.6837127605085924,0.002083886182718929,0.5488336213215812,0.05232050095240174,-0.6861780083792788,0.020274545701870473
raw_rbf,only_Bounce_rate_6D,5,0.5395065380189716,0.0031246197727267766,-0.11138640843347403,0.005977206555310111,0.6421167583326921,0.01240089812229949,0.6111030071932114,0.005642903302227135,-0.7240492853104822,0.004094277573034972,0.6136923113287187,0.056132007126493334,-0.757986637369463,0.05463654405315702
raw_rbf,only_Bounce_rate_6D,10,0.5385133729051805,0.0018985821631668362,-0.112379573547265,0.005263113211230921,0.6668926306173606,0.011530252815257025,0.64084229125969,0.004756677844066633,-0.6888926881934851,0.002438045953269877,0.6675680718285492,0.042038033180897494,-0.700589558891874,0.040114987600103
raw_rbf,only_Bounce_rate_6D,20,0.5289780004256854,0.001963061414727564,-0.12191494602676016,0.005108694525935981,0.6841049853698287,0.010883893521127041,0.6494688353789634,0.003731774461194277,-0.6878501850143558,0.003301707459810109,0.6305459913376968,0.06746738557434967,-0.6867354630261635,0.04690850143655444
raw_rbf,only_Bounce_rate_6D,30,0.5230988382722426,0.0023438208600985782,-0.12779410818020298,0.005127715979357264,0.6902116567449764,0.010554187540175473,0.6481596544846541,0.004670907184352046,-0.6910783404085319,0.002572704713323616,0.6335744911844943,0.05400353837043996,-0.7002795045440837,0.03968899785227059
raw_rbf,only_Bounce_rate_6D,50,0.5202777981918747,0.0018618554107777843,-0.13061514826057102,0.005091076596481916,0.6972211404215758,0.010430674489857721,0.6453065496806174,0.0050969721424150025,-0.6893222999949804,0.0021495123677882375,0.6678411988549902,0.04355134057507703,-0.6841464463066547,0.03538089758955023
raw_rbf,only_Bounce_rate_6D,100,0.515657834990831,0.0020147808448437027,-0.1352351114616146,0.004455984898649912,0.7052082401324807,0.01039670086561818,0.6452529289030449,0.003712175691839673,-0.6910812328731584,0.0014821858088034576,0.655787482320844,0.0551233039049479,-0.6828804912878108,0.028384519574665635
raw_rbf,only_IMU_LatAccelVal,5,0.5223902432995187,0.0024799779190900952,-0.12850270315292694,0.005370027896001171,0.6670130063031714,0.010923197864598815,0.5507014593230326,0.007589228809639546,-0.7445899367292326,0.004138188796215886,0.5588896557792669,0.07957523989892212,-0.7601811527762121,0.05696234389785943
raw_rbf,only_IMU_LatAccelVal,10,0.5153473715512802,0.002377042501289617,-0.13554557490116542,0.004851066916963565,0.6921998198869866,0.010075109407091472,0.5445200492904292,0.010429499472212632,-0.7305050079917723,0.005642386683425848,0.5608883080589256,0.0768913477839133,-0.7152396431216465,0.042011259261172496
raw_rbf,only_IMU_LatAccelVal,20,0.5125239739827088,0.0018015085170999942,-0.1383689724697368,0.004617222397219867,0.7105567545852348,0.009564710027851267,0.5421389365217941,0.007280406437476145,-0.7165907236175646,0.0038824116049950307,0.5650716311592077,0.08180861256431557,-0.700012915641001,0.03652094409047116
raw_rbf,only_IMU_LatAccelVal,30,0.5105134467773655,0.0017760634894466224,-0.14037949967508007,0.0044413482314214865,0.7173038864187686,0.009480600267035138,0.5500382490893684,0.0069315119549082285,-0.7119003570024948,0.002546357287971422,0.6021061106395162,0.07913061951722027,-0.6908309541380689,0.034182945661603244
raw_rbf,only_IMU_LatAccelVal,50,0.5067636297274991,0.0019441436394014976,-0.1441293167249465,0.004076425878468417,0.7232999746569342,0.009528728636562367,0.5493542956300594,0.005039330951786038,-0.7122242844179191,0.0021653870554481183,0.5555165255613073,0.06285280415559397,-0.7023347469728642,0.025412236483618386
raw_rbf,only_IMU_LatAccelVal,100,0.5045822796426049,0.0016226311786880381,-0.14631066680984076,0.004082918997173193,0.7292457631643467,0.009546057974926782,0.5565240613951618,0.003195560116794672,-0.7063463262296343,0.001599916913879245,0.5923051409456275,0.05297313969445366,-0.6920173694452232,0.018365957573911143
raw_rbf,only_IMU_LongAccelVal,5,0.5381077700293779,0.003353945756815907,-0.11278517642306773,0.004249317817888007,0.5011033447880815,0.013996982103846645,0.5497638471244438,0.005126589070709841,-0.7369345345166661,0.005255031886757587,0.5127260016796104,0.05902361539624483,-0.7880554379916548,0.046033344181493505
raw_rbf,only_IMU_LongAccelVal,10,0.5340617818723755,0.0036714364432341947,-0.11683116458007001,0.004649324104854121,0.5170383992754033,0.013897014796932899,0.5575882520302244,0.006570829421838239,-0.7119630707531166,0.005813629159916387,0.5557864860234016,0.051810703433044995,-0.7307113632727797,0.03276583011382026
raw_rbf,only_IMU_LongAccelVal,20,0.5331588400476414,0.0027561444937900074,-0.11773410640480428,0.00424859041024743,0.5350332588828716,0.013828308053878881,0.5729165671560581,0.006842099298559658,-0.6865888727655132,0.0045277718300894155,0.5311908249498319,0.056834679462005114,-0.6980186184298012,0.031118007888446965
raw_rbf,only_IMU_LongAccelVal,30,0.5263291142304499,0.002678916843942281,-0.12456383222199559,0.004174619000210602,0.5455753002550343,0.013700637567525355,0.5576694841347307,0.006420740750325612,-0.6896721236933698,0.003950446333504667,0.5292404668030164,0.05425026090929151,-0.6962679053839794,0.029675875701196525
raw_rbf,only_IMU_LongAccelVal,50,0.522978493676348,0.0027352842649899733,-0.12791445277609767,0.004295300037732756,0.5597201634677627,0.013587979850171766,0.5560408073694892,0.004317162259222516,-0.6865386342986699,0.0028459841091055325,0.5130657769228036,0.05829646830119346,-0.696759452855177,0.028197658258381005
raw_rbf,only_IMU_LongAccelVal,100,0.5203905064943721,0.0023220438791316093,-0.13050243995807348,0.004353355983307188,0.5829405041289126,0.013246662619946538,0.5699987419388544,0.00562070346486493,-0.6817975067697245,0.0028085700256462644,0.5175254545460309,0.05071699764180537,-0.6962262046762557,0.022971683279917953
raw_rbf,only_IMU_VerAccelVal,5,0.5599912781062459,0.0017356190153799541,-0.09090166834619973,0.005303665251135032,0.6463629946008402,0.011630553057214466,0.648036821399256,0.00633477179411392,-0.6800445806370595,0.0038404719311925578,0.6253525162911325,0.06464403102757717,-0.695708376439519,0.039512232207265845
raw_rbf,only_IMU_VerAccelVal,10,0.5406503804686951,0.0017835681590901865,-0.11024256598375055,0.005170790599840049,0.6672967693848598,0.01129104899195552,0.6432127640441677,0.006682888084070279,-0.6888285588558499,0.003001563663457206,0.641336905269711,0.058729226688172494,-0.6876459488238045,0.024639616218517617
raw_rbf,only_IMU_VerAccelVal,20,0.5280897950148828,0.0017039969255740418,-0.12280315143756275,0.005126879330012703,0.6804556414697407,0.010906185615571903,0.6331146531723327,0.005243181196482822,-0.691843659044214,0.0026574978255716176,0.637965335765433,0.05140045874082661,-0.6882190618074944,0.027791469294202658
raw_rbf,only_IMU_VerAccelVal,30,0.5279290110579239,0.0015159743690026492,-0.12296393539452175,0.004984906682220821,0.6864615987413532,0.010822465282176421,0.6487163541474237,0.005677669350961685,-0.6865239781097536,0.0026849548398471365,0.6372128533316646,0.053287555292017105,-0.688272147254912,0.030705824096424462
raw_rbf,only_IMU_VerAccelVal,50,0.5206928434831208,0.0017667613335692275,-0.13020010296932488,0.004576229467277717,0.6937105135365867,0.010722346574178133,0.6285898652880224,0.0037188995786018027,-0.6935293239336491,0.0015670478778212974,0.6411772842626997,0.04905308292221535,-0.6875736454310621,0.02770570056143864
raw_rbf,only_IMU_VerAccelVal,100,0.5194536740685012,0.001988204948070336,-0.13143927238394446,0.004736544815838117,0.7028334318925433,0.01044438278517002,0.6440811428282641,0.004606929595406627,-0.6915754152732845,0.0020755415883737943,0.6502711413993337,0.049494065958547585,-0.6867384690943317,0.028440695521142062
raw_rbf,only_Pitch_rate_6D,5,0.5375401914146307,0.0018922372645734844,-0.11335275503781488,0.00478440562741246,0.6469003798956869,0.011942061075732573,0.6001912181980817,0.004565264986625842,-0.7196670070315091,0.0029424180182188384,0.5724037809465912,0.05788736822345929,-0.7500357324503937,0.05187829372437933
raw_rbf,only_Pitch_rate_6D,10,0.535209070880648,0.0024401778672106253,-0.11568387557179764,0.004482841980423628,0.6652517384080763,0.011321364667030067,0.612701456887515,0.0066723818917988325,-0.7001285606924683,0.003521353259431238,0.5891904296350428,0.06740104630029295,-0.7235195853327473,0.04409907735468909
raw_rbf,only_Pitch_rate_6D,20,0.5272070217950156,0.001814156988673615,-0.12368592465743011,0.00502924357932043,0.6812058496238709,0.011078609928431345,0.6184408192599848,0.006928679971057259,-0.6895917407837372,0.0022038719962637937,0.5973257749434528,0.07653279601895169,-0.7058579256634085,0.03532551265255578
raw_rbf,only_Pitch_rate_6D,30,0.522004922737163,0.0017321586234457626,-0.1288880237152826,0.005187272648315337,0.6881729039671411,0.010949852967918663,0.6262488052093722,0.007079468310403409,-0.6901884313027271,0.0020922672865348077,0.5977168670126238,0.07919649854849016,-0.6966035283199808,0.03463637714406491
raw_rbf,only_Pitch_rate_6D,50,0.513673065602942,0.001875311458248202,-0.13721988084950365,0.004946199107116197,0.6943048184166004,0.01084486200568188,0.6070092115629742,0.007191093631979345,-0.6969261199362121,0.0019854736452800605,0.5629422141960833,0.07822893818191143,-0.7035009355457152,0.02535024782834194
raw_rbf,only_Pitch_rate_6D,100,0.5081217107529816,0.0019425243551443848,-0.1427712356994639,0.004741864678357559,0.700759369126589,0.010728872217411478,0.6084591222156389,0.006440254540065867,-0.7000809721521402,0.001487480848649833,0.5505051511484754,0.07241705847829225,-0.7068464052546212,0.02221147899632393
raw_rbf,without_Bounce_rate_6D,5,0.5388837271309288,0.003192003051718635,-0.11200921932151671,0.005880719017051851,0.5635244715797622,0.012500212727014706,0.5858459411678651,0.0076410208296282724,-0.7195865252084019,0.005107083757316197,0.5590148274472816,0.057603054560405875,-0.7515660860920966,0.03741714927998475
raw_rbf,without_Bounce_rate_6D,10,0.5362890528443511,0.0025819868849065813,-0.11460389360809442,0.005331795976115377,0.5865628008616567,0.012052398852871984,0.5942123072367653,0.005772975860430905,-0.6907328762594342,0.0028625472259642655,0.5841976661999612,0.07189642297998282,-0.7038756437114191,0.04337381490637344
raw_rbf,without_Bounce_rate_6D,20,0.5302954793081011,0.0020464878915812342,-0.12059746714434469,0.004800269925101895,0.6056321592845133,0.012084381737584282,0.6100938370530129,0.006062315506898332,-0.6818383668211911,0.003005607854849426,0.6145603110174251,0.0689042645666305,-0.6827896700693998,0.040959031342150704
raw_rbf,without_Bounce_rate_6D,30,0.5247685858181527,0.0023969083561662594,-0.12612436063429294,0.00483987250818309,0.6142906516168664,0.012175533147715816,0.6142928605351978,0.004217759582415084,-0.683261411532731,0.0024627699417827144,0.6170177227420257,0.06859359643835235,-0.696033741423583,0.03766125588733095
raw_rbf,without_Bounce_rate_6D,50,0.5209908326484192,0.002113768199952612,-0.12990211380402655,0.004696365385987863,0.6251989567324951,0.01223809898268923,0.6024205144860245,0.005184080714689274,-0.6810568135232711,0.0019309194885634448,0.5547230813088314,0.05284381437239118,-0.6923693773807321,0.021369734659368932
raw_rbf,without_Bounce_rate_6D,100,0.5162789405554494,0.002206297247374757,-0.1346140058969963,0.004481910968264885,0.6406104366934924,0.012268648877410217,0.5962820379101176,0.0067111602824567315,-0.6831628450208098,0.002018382184180585,0.5286679794352379,0.05691201432781559,-0.6913911710124286,0.01749226910979759
raw_rbf,without_IMU_LatAccelVal,5,0.5517115900743492,0.003157345408214018,-0.09918135637809636,0.005140782500378387,0.571222569475242,0.012340072776453907,0.6156445743764432,0.008451755846944837,-0.6794530363524695,0.005516499943719594,0.5899982049291758,0.03348622982850499,-0.7192523141486167,0.035762147471261274
raw_rbf,without_IMU_LatAccelVal,10,0.5441461657744153,0.0021047419553518283,-0.1067467806780303,0.00421674497766696,0.5907493738709413,0.012036246664275869,0.6388377162787242,0.0061836899139165544,-0.6689376315835529,0.004540434145098344,0.6512265915444793,0.049304849564100785,-0.6847747492931537,0.0343911190623896
raw_rbf,without_IMU_LatAccelVal,20,0.5287692099117318,0.0019358212228522834,-0.12212373654071387,0.0046079031059063705,0.61212585275134,0.01206647961458854,0.6210563521526459,0.00597439306732979,-0.6820768291673323,0.0022270449558621096,0.6099264652332792,0.06923021985216031,-0.6981527047591833,0.028676536036779474
raw_rbf,without_IMU_LatAccelVal,30,0.5227940696577577,0.0021772059204036996,-0.1280988767946881,0.004554724094717855,0.6214580669525874,0.01204621300322126,0.6124481827270323,0.007141112830438358,-0.6851832773274119,0.0020822915015747023,0.6011989244105458,0.06821526631362233,-0.7002024738579998,0.024029705990157014
raw_rbf,without_IMU_LatAccelVal,50,0.5211682829060285,0.0019935269032230023,-0.129724663546417,0.0046354150014484815,0.6319648766795386,0.01192425325487404,0.619223844666488,0.005067369707591868,-0.6810918542636857,0.0021027435965714626,0.6040798586796596,0.06893104854089739,-0.6958396765186068,0.022711324820050782
raw_rbf,without_IMU_LatAccelVal,100,0.515397676776838,0.002169683365625794,-0.1354952696756076,0.004521633044149973,0.6458445834582132,0.012021366773710625,0.6140363569142366,0.007904349054595113,-0.6857224905254028,0.001774489247561195,0.5566170219673793,0.05176164188989687,-0.6924009532968765,0.01827159895686828
raw_rbf,without_IMU_LongAccelVal,5,0.5419201231612629,0.002385060872385533,-0.10897282329118271,0.0059129261058165974,0.6355618752998569,0.013428052138679597,0.6226664501419529,0.007765801972609128,-0.714583460585241,0.002452450143589308,0.570025468903344,0.050771199444248793,-0.7742256370843624,0.0413647357424797
raw_rbf,without_IMU_LongAccelVal,10,0.5317595425107033,0.002376037668802384,-0.11913340394174224,0.005605291885007175,0.6625951356795646,0.012112624772351378,0.6289116384276144,0.007607981537941391,-0.7063306679120981,0.004109779167142571,0.6006045948107255,0.0662823558190134,-0.7298809100977126,0.040075704743571805
raw_rbf,without_IMU_LongAccelVal,20,0.5217394515968335,0.0018245346414069385,-0.12915349485561206,0.004975787299221252,0.6785999216517892,0.011433164668660976,0.6123514176242935,0.005707705760461716,-0.7048033673901684,0.0020843360493589145,0.6081869164024422,0.052243529221747104,-0.7016689065751196,0.031156088871057676
raw_rbf,without_IMU_LongAccelVal,30,0.5218234200050921,0.0016852203696692365,-0.12906952644735362,0.004920877427784723,0.6856550880669771,0.011166768611510603,0.6134966155531614,0.004550210510976099,-0.6942472166452817,0.0016631813947781365,0.5879417060210808,0.04538462821359712,-0.6977964314742534,0.02731084824560212
raw_rbf,without_IMU_LongAccelVal,50,0.5180349317421425,0.0017676788688785687,-0.132858014710303,0.004952428130193919,0.6922747037315615,0.011168075951970328,0.611396580229515,0.0060891266819973755,-0.6934078661311801,0.002121923936222235,0.576939882744964,0.05420403715633957,-0.6980966116865561,0.026649932016887232
raw_rbf,without_IMU_LongAccelVal,100,0.5141851017256063,0.0018490971775695138,-0.13670784472683933,0.0047359496384768605,0.6992929599217932,0.011004451420613608,0.6151974123559018,0.004652663562546094,-0.6942738014483335,0.0017030598315027894,0.5651232529846698,0.05801316693289729,-0.6975713467608242,0.0215770397718383
raw_rbf,without_IMU_VerAccelVal,5,0.5564025472166734,0.0037906175934151157,-0.09449039923577227,0.006283710811949774,0.5636606226932825,0.013119870147725626,0.6164415435847386,0.007632664617693212,-0.6866752281748234,0.0055851106656011566,0.6221830212219989,0.05095677401426812,-0.7057449750686133,0.035913081203822805
raw_rbf,without_IMU_VerAccelVal,10,0.5411336332132459,0.002833568360548613,-0.10975931323919981,0.005566093593439317,0.5859681567034839,0.01241175188131189,0.6188657426410469,0.0069330291940732855,-0.6823535342382056,0.0046890919166165945,0.6120433935069138,0.06138982639898442,-0.7029681905932272,0.05087356932676171
raw_rbf,without_IMU_VerAccelVal,20,0.5332727462823652,0.002100841102733318,-0.11762020017008053,0.004826129909671182,0.6059696715857369,0.012504185869370852,0.6261397510268814,0.004565048940025438,-0.6736260837919372,0.0023202727914956095,0.6154383195034686,0.06878056477166626,-0.6826947948485371,0.03181710028728889
raw_rbf,without_IMU_VerAccelVal,30,0.5266377752085701,0.0019982306480054047,-0.12425517124387549,0.0047282973961166866,0.615242110747247,0.012499057927828043,0.6195279662963699,0.004031301182477131,-0.6780305838267819,0.002566037044737472,0.6041110255477786,0.06752850263296996,-0.6887066449813203,0.02780201330098128
raw_rbf,without_IMU_VerAccelVal,50,0.5212212534360784,0.002097329294915382,-0.1296716930163671,0.004456160875766101,0.624351206691091,0.012492131047875697,0.6097157402261184,0.0033994183948319995,-0.6811121339856253,0.0019132636621010085,0.5837506112040886,0.0577445902315989,-0.6916285239727039,0.021987045470810946
raw_rbf,without_IMU_VerAccelVal,100,0.5163082061245262,0.002028647538864519,-0.1345847403279193,0.004480103655243824,0.638982591058506,0.012480361217102769,0.5996278164817295,0.005714564946655704,-0.6832234208624499,0.0016382476141242233,0.5610958127257861,0.05292660954356631,-0.687238383358548,0.016811426628207986
raw_rbf,without_Pitch_rate_6D,5,0.5542481505192131,0.0033534319500734804,-0.09664479593323268,0.005293699800033439,0.5614485144403806,0.012900812571960477,0.6096374885582507,0.005117334027784309,-0.6995929253871367,0.004968801349316994,0.6232235862692246,0.06020393929499882,-0.7086096868669343,0.05084154901462824
raw_rbf,without_Pitch_rate_6D,10,0.5387886132149869,0.0028922867024801942,-0.11210433323745865,0.005097720336856096,0.5851506249286935,0.012353450353899332,0.6155670218096316,0.005562234293412458,-0.6971319190120324,0.004544398254633708,0.6231143143287227,0.06862105194747234,-0.7177050116150377,0.04327240177068331
raw_rbf,without_Pitch_rate_6D,20,0.5332278188863868,0.002171032290561817,-0.11766512756605887,0.0049824807985378115,0.6053020741890931,0.012310958860163193,0.6186660930638391,0.005722934455723631,-0.6795488867310586,0.00312430946139646,0.6192258610578889,0.07068009262925458,-0.6805701884923716,0.04211692167933876
raw_rbf,without_Pitch_rate_6D,30,0.5289754004612451,0.0021941095021069915,-0.1219175459912006,0.0048241625921458045,0.614949191890774,0.012479735771668419,0.6191269611027097,0.005804632780709825,-0.6782595736842031,0.002945100973101644,0.613195825225449,0.06838732833746491,-0.6802603367978435,0.03646193561850015
raw_rbf,without_Pitch_rate_6D,50,0.5232006715422072,0.0022817248523913755,-0.12769227491023846,0.004577685179593115,0.6253656749152757,0.012306921393620428,0.6110968090495844,0.005195172081168223,-0.6808248127913037,0.0026351333724324716,0.5771630356666552,0.057141893278444385,-0.6871690597886688,0.025710474997453134
raw_rbf,without_Pitch_rate_6D,100,0.5184974824198829,0.002091694432827279,-0.1323954640325628,0.004660914835033893,0.641111463850471,0.012227159246016348,0.596929659606183,0.005322003929411285,-0.6831663632612556,0.002002850488452505,0.5416492959431246,0.05143051687827451,-0.6899993685647232,0.01956021273960512
scatter,full,5,0.5197868066913326,0.0033049914569996297,-0.131106139761113,0.005244955516652828,0.6142671581269119,0.012311778298385857,0.5580425132557032,0.004477303290501181,-0.7637793625921427,0.005044835934841545,0.6037271345732281,0.040955726600593045,-0.7526477172596079,0.036377586043072924
scatter,full,10,0.5220314012183691,0.0028550154095781854,-0.12886154523407645,0.004677342307767446,0.6372689366665697,0.011389791641117959,0.6014950893227553,0.0032030715907725277,-0.7361965040169667,0.0047082597859045205,0.7079746749087656,0.05327813626175339,-0.7068661989715357,0.02979851609312652
scatter,full,20,0.5239990596489055,0.0021485367719510525,-0.1268938868035402,0.004901484968488204,0.6571762545138385,0.011368097368208091,0.6188625170333848,0.0031150551892975787,-0.7107208769412321,0.00340912500082912,0.7155813792262862,0.05565917607932244,-0.6909792948901244,0.02825400246074783
scatter,full,30,0.5255198934409361,0.0014433197300952954,-0.1253730530115096,0.004507495264829213,0.666487790526054,0.011119803320642756,0.6308742615129448,0.003568694019842855,-0.6984064963703988,0.0024321878511437568,0.7188865735297395,0.055771376222489955,-0.6765435712440412,0.02935320889022869
scatter,full,50,0.5220002935774744,0.0018219613228876996,-0.12889265287497126,0.00459815428130204,0.6768396859586583,0.010862496410195608,0.6389351856248122,0.0023116709333897453,-0.6968965297834678,0.00265977575407872,0.716265645819194,0.053000777017018004,-0.6773811287795304,0.027421542009374175
scatter,full,100,0.5145165459110914,0.0020879734428677138,-0.13637640054135422,0.00463575991928994,0.6878175895216346,0.010496656395570096,0.6439484628884534,0.0028757395223259746,-0.7019934799892372,0.0026364682334214127,0.7038085229731739,0.05003776363139461,-0.6872110656737263,0.021797083922651738
scatter,imu_only,5,0.5361071174442096,0.0028838863681804653,-0.11478582900823606,0.0049697998483885794,0.6357845525534995,0.011650388383581659,0.5809504797403773,0.005231321620663772,-0.7352305208414044,0.005564652789669194,0.6792847250370896,0.04007117715151518,-0.7078558915800086,0.03216419077989922
scatter,imu_only,10,0.5307479721621102,0.0021371832832630688,-0.1201449742903353,0.004717697898153257,0.6548136467669474,0.011001910793196734,0.6061035141623459,0.004397156789409182,-0.7241363084214643,0.004613266455204609,0.7044126971121439,0.04605464236017859,-0.6946418091295102,0.037183641955428594
scatter,imu_only,20,0.5244699138378067,0.002468427265748467,-0.12642303261463889,0.004920655737619655,0.6695874811941304,0.010498958527411617,0.6160769784374893,0.00540210946631496,-0.7116683712902722,0.0048971330151982885,0.7078845532388222,0.04255291248299457,-0.6788284631815701,0.030793987235124862
scatter,imu_only,30,0.5231693378474587,0.0026748216049967562,-0.12772360860498688,0.004995513590381069,0.6788817709041279,0.010420121591143866,0.6256301301077374,0.006712980207139069,-0.7022364896059214,0.004392595106590324,0.7391168822373684,0.04965998649792672,-0.6731975862679622,0.028346957588497305
scatter,imu_only,50,0.5213893507701595,0.002353787926561836,-0.12950359568228614,0.004692931694573785,0.6866969647469039,0.01030235524994887,0.6398319590586707,0.005015479450681415,-0.6976828281840705,0.0036975825582781794,0.7342604078134515,0.043011478366208764,-0.6703950272377248,0.02712192275670266
scatter,imu_only,100,0.5157680868004462,0.0024270927584152603,-0.13512485965199944,0.004505992451358417,0.6963823150051814,0.010009621351462435,0.646655383946096,0.004271048355858826,-0.6983815561859721,0.0029160047142195947,0.7222295549555673,0.0513858644238883,-0.6778990349323251,0.024867181943889104
scatter,only_Bounce_rate_6D,5,0.5227292975270893,0.0017496323917261466,-0.12816364892535637,0.004674215955511337,0.6637778895970163,0.011841913989086668,0.5614521102409972,0.0034872925239705075,-0.7622898055259343,0.004957605856460305,0.600219968809668,0.025301172885334455,-0.7752235482418401,0.021039264939561944
scatter,only_Bounce_rate_6D,10,0.5178900281351491,0.0017686342183023329,-0.13300291831729658,0.00455519868340868,0.680214120121023,0.011432683318893334,0.5627354751022566,0.0036489671642268807,-0.7447658190881037,0.004878435472804164,0.6086147829773692,0.025203973355841246,-0.7271952322116103,0.025037147708714312
scatter,only_Bounce_rate_6D,20,0.5208977179987542,0.0012690987208302956,-0.12999522845369135,0.004657653900464239,0.6921065582653091,0.010921866904545639,0.5919739031856752,0.004446326895456623,-0.7186765233114756,0.002515379918199356,0.6302534360778909,0.047998126901307024,-0.703205326848718,0.021449189314735915
scatter,only_Bounce_rate_6D,30,0.5192684950909403,0.001444428961389078,-0.13162445136150527,0.004639413973844731,0.6970417158363365,0.010632160991946513,0.6031380821214742,0.00443493604653061,-0.7135310216126735,0.0020451707303573165,0.6224570171797192,0.06187258467056543,-0.6995729931075279,0.02248911052932049
scatter,only_Bounce_rate_6D,50,0.5153502464454902,0.0013803047502396614,-0.13554270000695537,0.004385980492000983,0.7033980941093306,0.010273433180173123,0.6022480580032895,0.005945662068200458,-0.7108921206393124,0.002743434043762964,0.6080134860358082,0.06464255177782446,-0.6963753594461536,0.018040080242548016
scatter,only_Bounce_rate_6D,100,0.5100522532877267,0.0015798877334676732,-0.14084069316471898,0.004395092307965361,0.7089761775911899,0.010170871810404524,0.6066380521625389,0.006385321155438897,-0.7122836771757337,0.0025937133244082746,0.6571439383342065,0.04117938018340773,-0.6943443613793242,0.018249728458715534
scatter,only_IMU_LatAccelVal,5,0.5075711116698965,0.0030505697700263425,-0.14332183478254906,0.004223021296830612,0.6993014485607165,0.009918043681853929,0.5178245215183701,0.0109926963304207,-0.7545911126886155,0.0073209237779955395,0.5592302921690688,0.0415185986981385,-0.7534870398343199,0.037305213296611656
scatter,only_IMU_LatAccelVal,10,0.5039535324199563,0.0016245804532807472,-0.14693941403248933,0.004047528086222178,0.7072926458212566,0.00910277429906794,0.5132011786988915,0.005051530538622935,-0.7362759858626327,0.004590966690965308,0.5732912309489551,0.04435496980073431,-0.7335590882336004,0.025765865973623847
scatter,only_IMU_LatAccelVal,20,0.4978299405442465,0.0020788605468729467,-0.15306300590819916,0.004494963863006206,0.7144252864870689,0.009231090468172574,0.5016500949576281,0.0039404077010330996,-0.7285228098123244,0.003536250033611989,0.5786232609240166,0.044300461553477395,-0.729340848611143,0.017840865779162773
scatter,only_IMU_LatAccelVal,30,0.4976314347698659,0.0019317355470814133,-0.15326151168257973,0.0046084119243789,0.7175229497873703,0.009248400225818144,0.5028864036779329,0.004886799838621247,-0.7236515568316786,0.0022805454908002,0.5725309798474277,0.036503213673250684,-0.7173374514953238,0.01875029646303033
scatter,only_IMU_LatAccelVal,50,0.5004784247073439,0.001789491388790292,-0.15041452174510161,0.004387512026192774,0.7225346191506429,0.009232046703035285,0.5351542166757378,0.005050848129892665,-0.7152751956897779,0.0028500386980640593,0.6078293364192021,0.044894787716068425,-0.7083616498580161,0.019496956081463977
scatter,only_IMU_LatAccelVal,100,0.5002604301513504,0.0018858855705286,-0.15063251630109536,0.004504062199308816,0.7275730832591563,0.009056309454775898,0.5617241345882723,0.007812560710040477,-0.7116559942395846,0.0020373564629247286,0.6341761529717652,0.05566927310337904,-0.707314764608388,0.017712590853530486
scatter,only_IMU_LongAccelVal,5,0.5225449278356524,0.0030129103546070713,-0.12834801861679307,0.004494189651420203,0.6439024867773329,0.011292540368526288,0.5733318041141319,0.005894224041133538,-0.7468649967826354,0.004285666972322582,0.6002000797379798,0.048969896028525216,-0.7724558510027749,0.045033297027076265
scatter,only_IMU_LongAccelVal,10,0.519228371114509,0.0023025792076757264,-0.1316645753379366,0.004249663860161772,0.6519552405143406,0.010793009981326512,0.5796293985297718,0.005347706430523444,-0.7235806315644737,0.0036341531985695534,0.6243343332183382,0.03237360521024723,-0.728584350114471,0.03621167060880233
scatter,only_IMU_LongAccelVal,20,0.5138794975347427,0.0024695424564327726,-0.13701344891770284,0.004215344212530614,0.6603700865629074,0.010342004989619624,0.5933889307833776,0.003101461061815499,-0.7153693590284727,0.0035047885541822144,0.6236559970497269,0.038263885189170864,-0.7168643754693835,0.029247578559489364
scatter,only_IMU_LongAccelVal,30,0.5120109101293294,0.0022451637720432146,-0.13888203632311621,0.004660039907249057,0.6647469647111943,0.010364072896839186,0.6010235397042737,0.003937026472196762,-0.711105444000585,0.0022139882670418874,0.6533770980795385,0.044062151511026854,-0.7069993677941377,0.02812123671548833
scatter,only_IMU_LongAccelVal,50,0.5123093389922926,0.002208221613475318,-0.13858360746015308,0.004453717332948559,0.6705228533222758,0.010083677341470282,0.6176153928706386,0.0045595513651873285,-0.7015305986764325,0.002566351788358111,0.6762514449814662,0.04760999466995027,-0.6908698384711389,0.02334930553170517
scatter,only_IMU_LongAccelVal,100,0.5067414824808023,0.0019880427925176238,-0.14415146397164338,0.004345214124571775,0.6819555575075822,0.009806073332039384,0.6081974666719463,0.0062284128647668345,-0.7055059994121836,0.0017824793422822505,0.666144241991628,0.04463254916811895,-0.6976528275791736,0.021432455405258885
scatter,only_IMU_VerAccelVal,5,0.5504987768902851,0.002113640450124467,-0.10039416956216056,0.004211130165670009,0.6556908464165957,0.012126975779792649,0.6215628262358185,0.007500473587722927,-0.7215902966929016,0.005616138616377206,0.6723446472116726,0.05568242014140189,-0.7111112766531322,0.04912678961578891
scatter,only_IMU_VerAccelVal,10,0.5422155901420931,0.0031259312970886447,-0.10867735631035251,0.004729995312266722,0.6774659271915231,0.011329055456560926,0.6363039474177259,0.006726473394133736,-0.7052245690858566,0.005337392624838685,0.7001035936696198,0.06052680249824739,-0.6805795416160191,0.04130445804999458
scatter,only_IMU_VerAccelVal,20,0.5371324081761193,0.0020704859459353877,-0.1137605382763263,0.004280584395927575,0.6916256002723138,0.010803994143962775,0.6521183643263043,0.005219273043848595,-0.6913140740982152,0.002857082865345773,0.6983646403975123,0.06326752286094513,-0.6831278496691046,0.03847062447310059
scatter,only_IMU_VerAccelVal,30,0.5319180328276889,0.002440568018132625,-0.11897491362475661,0.00456108457179163,0.6976770355336211,0.010431333981897705,0.6506310542093529,0.007094792045750446,-0.6898921889115444,0.0032395551462765407,0.7012784198436884,0.061438691193382994,-0.6751722223252988,0.03909932366361567
scatter,only_IMU_VerAccelVal,50,0.5317167411045883,0.0021916671525377936,-0.11917620534785738,0.004380789172768017,0.7046939735154505,0.01012257854048451,0.6572026046055113,0.004858073877530897,-0.6844065865146601,0.002781252973408141,0.71188532087485,0.060173838619391413,-0.6610417231170854,0.037282760957167066
scatter,only_IMU_VerAccelVal,100,0.5269914541888686,0.0017292969233336964,-0.12390149226357705,0.004311639095776706,0.7120531889605546,0.010106330341932276,0.6545278324198278,0.006428358813064671,-0.6864551106076338,0.001720044987291172,0.7336730999830949,0.0559624633512926,-0.6651233779592174,0.029643265567447397
scatter,only_Pitch_rate_6D,5,0.5294786000135403,0.001555119655813902,-0.1214143464389053,0.003399461371379079,0.6633033723576315,0.011686351957420538,0.5742969428296631,0.004220289101760464,-0.7488682548622426,0.005320983808363599,0.5785815104990489,0.024318829939628257,-0.768310442256199,0.027938654407394247
scatter,only_Pitch_rate_6D,10,0.5243129541993647,0.002393040017015131,-0.1265799922530809,0.004212062859698842,0.677295811476815,0.011504967121454808,0.5904908563310999,0.004989254309335412,-0.7304587227748012,0.006040575035811828,0.6019228532585686,0.0252948608438379,-0.7194623939041994,0.02066205212023208
scatter,only_Pitch_rate_6D,20,0.5110025006149576,0.0019502081267689863,-0.1398904458374881,0.004751042376782264,0.6849819201736258,0.010661822810230776,0.5788108581123966,0.005738564336124481,-0.7402453083158653,0.003996095751713028,0.5653872233127328,0.04132554001186101,-0.7345698853818939,0.021394229618325884
scatter,only_Pitch_rate_6D,30,0.5089496740498879,0.001484482284629767,-0.14194327240255772,0.00463426483174516,0.6882341409988674,0.01076612398201271,0.5808846489243353,0.008774076840782057,-0.7321564956973865,0.0029972322922448944,0.5712797740945003,0.05174726351602376,-0.7301117247327304,0.023012311173804374
scatter,only_Pitch_rate_6D,50,0.50916275954993,0.0014941684240496111,-0.14173018690251574,0.004396605475510152,0.6927309572339004,0.01046897985209772,0.593440975682318,0.004950770491308286,-0.7228984245641195,0.00280734890417374,0.5667176135915412,0.05441770605518619,-0.7232326228890995,0.017668909889559867
scatter,only_Pitch_rate_6D,100,0.5071603470142183,0.0015827398581708726,-0.1437325994382273,0.004311320286695987,0.6987181442892199,0.010246352165612605,0.6058355344029087,0.004735141619300023,-0.7208680641269983,0.0026953017935033405,0.6433335880132429,0.060381611812729254,-0.7112898420316358,0.017076508212587417
scatter,without_Bounce_rate_6D,5,0.5163361540880972,0.003279360608832829,-0.13455679236434842,0.005246978877674535,0.6133706704900408,0.013156619936298797,0.5576912243330502,0.005845509970436349,-0.7727821876400581,0.005673927114022297,0.646988843566197,0.03978436833970637,-0.7561941362156258,0.04230590235970246
scatter,without_Bounce_rate_6D,10,0.5254679650240688,0.002788375551899887,-0.1254249814283768,0.004703752946699389,0.6374653527408636,0.011561530392352904,0.5961465342905179,0.005221109180366756,-0.7350968724285541,0.0065637391460405745,0.68915103387627,0.04846753865487128,-0.7149154842616954,0.04356166088093713
scatter,without_Bounce_rate_6D,20,0.5214707409583486,0.0027689882397466765,-0.12942220549409703,0.004677132113821251,0.6573842264827974,0.011299812475351554,0.6138459566648924,0.003749414790552527,-0.717394571589096,0.00603105842922032,0.7091580886587086,0.048242416346652675,-0.6862381814609934,0.028133446959573444
scatter,without_Bounce_rate_6D,30,0.5218899205798875,0.00199375743788811,-0.12900302587255802,0.004299604943030998,0.6660673409113709,0.011140216668073886,0.6261322116118249,0.006468398555749053,-0.7065174368697699,0.00406409728126686,0.7037861654731759,0.053956990081218334,-0.6802973112214357,0.02689306028326232
scatter,without_Bounce_rate_6D,50,0.5201446819545132,0.002152918977864633,-0.13074826449793236,0.004531226904269737,0.6775273291589274,0.010750534945201774,0.6379754074905277,0.004393331499966932,-0.7017179511273166,0.0033918203640365256,0.7299247447277197,0.05420283820338881,-0.6727651788647201,0.02274704351672282
scatter,without_Bounce_rate_6D,100,0.5176447124020294,0.002026697134377173,-0.13324823405041625,0.004506922872638676,0.6889251782767186,0.010375005442015611,0.6551828395889097,0.0024400708537065446,-0.697284888215561,0.0024797242806537936,0.7395561358798101,0.052431762827005284,-0.6708454698413318,0.02357154059204201
scatter,without_IMU_LatAccelVal,5,0.5221185504373319,0.0013325106436448606,-0.12877439601511365,0.004268336297670908,0.6238087943225653,0.011935452042782752,0.5897366748125112,0.006248272876492416,-0.7459586700839258,0.0038894264270572902,0.6463019976109193,0.054869741116076884,-0.7374583078530951,0.049548349049824865
scatter,without_IMU_LatAccelVal,10,0.5226606490648396,0.001426939933609732,-0.12823229738760591,0.004911044145958456,0.6435549169360173,0.011182909908698203,0.603582449719649,0.0066140413160859874,-0.7223752797664079,0.0026268749598264973,0.6601774390414069,0.055671539537526765,-0.7106542480452842,0.03046580311994485
scatter,without_IMU_LatAccelVal,20,0.5132555205435656,0.0020372832700321095,-0.13763742590888,0.004625753173977449,0.6584480578297474,0.010980514395814172,0.594510636681816,0.006051194046558403,-0.7293880625809847,0.0037125050200149967,0.6773045675759075,0.05196769990738943,-0.7072958433469708,0.023947003091565625
scatter,without_IMU_LatAccelVal,30,0.5131257417732338,0.0019024929527124335,-0.13776720467921194,0.004649875316041852,0.6656716367802638,0.010778081450901622,0.5952766796782759,0.00462093572909226,-0.7213591217180526,0.002904298702619267,0.6804442163135812,0.057190820334669455,-0.7054277563018972,0.027562210983688072
scatter,without_IMU_LatAccelVal,50,0.5150007026152645,0.00169912718017204,-0.13589224383718118,0.004633763039198017,0.673899629582318,0.010623944084338291,0.6135573662915924,0.0041194158000836135,-0.7084869502157654,0.0021822678564481337,0.6880653095716622,0.06268967507719027,-0.6984487060592681,0.023040939110619323
scatter,without_IMU_LatAccelVal,100,0.5126595418725998,0.0020801372290808785,-0.13823340457984584,0.004311451908471815,0.6843514973439435,0.010268764833368884,0.6258350670503513,0.003012762393131198,-0.7044942582866656,0.0031347285458753755,0.7030213699057668,0.06118585853872839,-0.6872132639005046,0.02258683066093059
scatter,without_IMU_LongAccelVal,5,0.5414461043074854,0.0018952929639990707,-0.10944684214496017,0.004310495327225087,0.6297352158484191,0.012853170696278149,0.619493233287528,0.0027864587109032494,-0.7280152806028495,0.004817645548402087,0.6877555231857249,0.06383856370603962,-0.7274480262032851,0.06047168782674002
scatter,without_IMU_LongAccelVal,10,0.5358532724383991,0.0013508193382431235,-0.11503967401404651,0.004278278118561736,0.6543506050181426,0.011792562716845948,0.6242679137026769,0.005091728148002016,-0.7086404039698486,0.0035194316299404435,0.6975555600531333,0.059907370241707926,-0.684526430004603,0.041739009019307355
scatter,without_IMU_LongAccelVal,20,0.532149561185941,0.0013205721585260717,-0.11874338526650456,0.004584401415718605,0.6729920230995319,0.011176351692865114,0.6332551152351289,0.0038936216045241485,-0.6990427620632997,0.003184725261629517,0.7318913126176947,0.050506819690641136,-0.6738651352574185,0.02818796290759016
scatter,without_IMU_LongAccelVal,30,0.5285183392002771,0.0012835653404622337,-0.12237460725216849,0.004570654447029368,0.6825439196700389,0.010871317564166002,0.6399858899414922,0.0030076494508148176,-0.7019373305687624,0.0034480538008465705,0.7173591261884054,0.042752409788456174,-0.6633509111466992,0.031061843277856004
scatter,without_IMU_LongAccelVal,50,0.52543430085783,0.001619477492431134,-0.12545864559461564,0.00451089762517138,0.6911565490165847,0.01081651696064069,0.6474416871018401,0.002862004412067909,-0.6974679861732502,0.0026792281977989062,0.7348277087282877,0.049825700810550176,-0.6715285983317496,0.02543632348218865
scatter,without_IMU_LongAccelVal,100,0.5230871954478087,0.001505138370394017,-0.12780575100463692,0.004521557041831978,0.7008031842301802,0.01069608115509564,0.6660531616042398,0.004216412394792531,-0.6938380654166145,0.0022970980658028784,0.7408784478189946,0.053075154949075116,-0.6742364522593769,0.024444791622292406
scatter,without_IMU_VerAccelVal,5,0.523859206157109,0.002994775625822477,-0.12703374029533665,0.004763141983335141,0.6227763539387242,0.012536217454872326,0.580141055724335,0.005824182977523591,-0.742494590167939,0.00483757912679757,0.5893287341640654,0.03495373044453776,-0.788363291347022,0.028228339971687465
scatter,without_IMU_VerAccelVal,10,0.518033557896492,0.00266211299362776,-0.13285938855595364,0.005050230283976279,0.6437287067814181,0.011704296120499398,0.5761713250485279,0.005615730133241429,-0.7414001140594672,0.004800905994069136,0.644777204386401,0.023614613980343358,-0.7294574750213961,0.03296938430771151
scatter,without_IMU_VerAccelVal,20,0.5150679050227202,0.002270793141550134,-0.1358250414297255,0.00475382417237737,0.6613971264269256,0.011110972684741736,0.5844935042143554,0.004793235350120406,-0.721462004068006,0.003549677339340648,0.6474763965882399,0.04510432143994263,-0.7054464752926702,0.03154141303846628
scatter,without_IMU_VerAccelVal,30,0.5141162574619543,0.002186847427215,-0.13677668899049136,0.004813998806873215,0.6694148513607374,0.010887967596466883,0.5866777549471099,0.005269325942713416,-0.7175372193583223,0.0035980367634287527,0.6235080242006926,0.027111423800497355,-0.7096691200640173,0.028416089479096997
scatter,without_IMU_VerAccelVal,50,0.5115041182466549,0.002401967373828811,-0.13938882820579077,0.0049665767007549665,0.6766620472968128,0.010884244246231214,0.5976954355682416,0.006884374599862965,-0.7137681011273704,0.003179946620023517,0.6765454147927551,0.03211667185421315,-0.7010517721364701,0.024593465380966722
scatter,without_IMU_VerAccelVal,100,0.5071769396212005,0.002205503941599988,-0.1437160068312452,0.004561886981432028,0.6863292648261463,0.010519321089458297,0.6026812817661705,0.005419770462629281,-0.7134538062533273,0.002940756169781435,0.6751348526299429,0.040363827119724284,-0.7006194821840643,0.019752958391322573
scatter,without_Pitch_rate_6D,5,0.536110459365691,0.0027098032264585396,-0.11478248708675454,0.005216550941724602,0.6297355890495393,0.012071382401332466,0.5867510650529382,0.003446352531944946,-0.7372202748009407,0.006463055251964593,0.6651802611638831,0.04973620527279261,-0.7322490995593733,0.0438400094120151
scatter,without_Pitch_rate_6D,10,0.531749299342201,0.00229629696821932,-0.11914364711024454,0.005149763204228011,0.64990571916446,0.01109233084391782,0.6168617402805789,0.004996405952738088,-0.7176237994836496,0.0052203557764524304,0.7024993785190634,0.05254974531677759,-0.6883129231538926,0.04232656648010113
scatter,without_Pitch_rate_6D,20,0.5311548186071654,0.002351180509475479,-0.11973812784528019,0.004866638831047094,0.6673322979664263,0.010483221369627918,0.6362802981444513,0.004644241674260138,-0.6902983947057157,0.00381820446920356,0.7035551747944868,0.045420375030329044,-0.6729219769933444,0.03500485116317748
scatter,without_Pitch_rate_6D,30,0.5281084912398468,0.0018285278587861537,-0.12278445521259887,0.004507068252968987,0.6750350608976151,0.010614144583655656,0.6428985162895899,0.0031138151566230073,-0.6882473595514128,0.0026820711524131948,0.712369480166209,0.04133465697422284,-0.6628138729827514,0.03558808173128707
scatter,without_Pitch_rate_6D,50,0.5235313204905587,0.0021543376280775822,-0.12736162596188688,0.004393302344014655,0.6833658218045268,0.010484981420448253,0.6415097706042691,0.0028109309533933193,-0.6904650516171449,0.0030065085811955858,0.7153087788473308,0.04310930400646714,-0.6697516078549689,0.030234419852195986
scatter,without_Pitch_rate_6D,100,0.5162277557868026,0.0021631823035535465,-0.13466519066564306,0.004452073465429762,0.6940673323624174,0.010188411527524165,0.6375599008499868,0.0028794749078891457,-0.6960821204742085,0.002583473266878276,0.6747096690755728,0.04612732057918963,-0.6860583998398916,0.021818974235168806
vae,full,5,0.5156749887888175,0.004255039649295316,-0.1352179576636282,0.007196122517756102,0.6057937169414147,0.013704057391052163,0.5272362223740842,0.011393448025667571,-0.768231311873656,0.008280483005320931,0.5035087060343109,0.06259490119188467,-0.7995036818787076,0.05741797945206282
vae,full,10,0.5119375810738418,0.00282429522596151,-0.13895536537860392,0.006016055128274521,0.6289299745618284,0.013051159199545326,0.5203201241381501,0.009156825727621862,-0.7323333437448031,0.005340737110203939,0.5054984464382464,0.06264935578594183,-0.7547576746849434,0.028859531196304578
vae,full,20,0.5083310048044549,0.002237637239247743,-0.1425619416479907,0.005016651413761325,0.6465840513635827,0.0121362105318676,0.5267591335920331,0.00816341962069989,-0.7165181942436275,0.004292140644974631,0.5555772269998329,0.07772599372459839,-0.7080640023639175,0.0275560663700861
vae,full,30,0.50645280669209,0.0022603639650347874,-0.14444013976035566,0.004764309872903715,0.6549090865800042,0.011798547320208599,0.5220870172849125,0.00842141526366567,-0.7133731310254856,0.004033588807831982,0.5407712891235226,0.07832256652807312,-0.7026459051644108,0.023058401450406676
vae,full,50,0.5063254251024951,0.0022571699499461723,-0.1445675213499506,0.004875853324221444,0.6652474033797143,0.01140034431600598,0.533726534007053,0.007507098733201082,-0.7064813699022312,0.003176643701898377,0.5450934960873164,0.07358841538362203,-0.7001501383598494,0.021199460611241346
vae,full,100,0.504706493205422,0.0020330057708423783,-0.14618645324702362,0.004878981970166517,0.677500066016093,0.011143210803472537,0.5231235223331678,0.005101027607723703,-0.7047156189927838,0.0022922362351897687,0.5577543698015,0.06124656207610322,-0.6911657819679025,0.017135774896617866
vae,imu_only,5,0.5018338497802495,0.0042122040627027586,-0.14905909667219613,0.0045999095591874135,0.6272297185414085,0.010991221246012744,0.5202445204181287,0.011886325129673643,-0.7856816037372536,0.009363059916877949,0.5911827706443409,0.055081796502020317,-0.7494341621687058,0.04407106840807539
vae,imu_only,10,0.5056644637871877,0.0026005592818229067,-0.1452284826652579,0.004193219879732023,0.6427024746516659,0.010591234834423799,0.5396953434578877,0.008662665801755466,-0.7487103964238441,0.00537846880875429,0.6042178886431192,0.05081419617477261,-0.7055006643097341,0.03756838739862269
vae,imu_only,20,0.5074722517054233,0.002999460463077711,-0.14342069474702226,0.0036732716437988156,0.6568831839167599,0.010314076056467255,0.5557519364974124,0.008122743252366659,-0.7253989777627818,0.005794431065010301,0.6101419816765583,0.05442281418441913,-0.6805224527169123,0.03617985051112313
vae,imu_only,30,0.5082857688427589,0.0028491518979131994,-0.14260717760968664,0.00387839374938685,0.6649882629089197,0.010110539140584766,0.5617955881610408,0.009298549604298842,-0.7153944688613294,0.00561054174365286,0.6419012196265081,0.06470984384606447,-0.6728143800089834,0.03057940148405699
vae,imu_only,50,0.5096686290865814,0.0023926851974080533,-0.14122431736586422,0.0038313854202807873,0.6728888868526947,0.010051890364357316,0.5684107701517092,0.012092025255956597,-0.7044053330067339,0.004451486091254972,0.6578979209015322,0.06186236690210648,-0.6735549560578847,0.02755885772585108
vae,imu_only,100,0.5096600660602234,0.002125791758189758,-0.14123288039222226,0.004083722937809687,0.6819095718920367,0.009741770629435133,0.5744878838329928,0.008653593639066594,-0.6975885603838057,0.0037586656036962297,0.6480370043875875,0.052159192873528576,-0.6767533853330974,0.02224098443846776
vae,only_Bounce_rate_6D,5,0.5068097282140782,0.0036793991286332246,-0.1440832182383675,0.006138990962584843,0.7160246467086294,0.00948464277057697,0.5169518716610196,0.008585334053270393,-0.7572502922243503,0.007535264619416117,0.49620972282159875,0.02531718794800601,-0.7491510096456507,0.020656019689885386
vae,only_Bounce_rate_6D,10,0.5015156842165368,0.002274972555672461,-0.14937726223590886,0.004274802926616497,0.7206859042227918,0.009397717143389606,0.5172565895716826,0.007868347764225523,-0.7388251028131998,0.006398272711070097,0.533938386252661,0.022592607375608115,-0.7144282276786268,0.022695588739733184
vae,only_Bounce_rate_6D,20,0.5005558001144649,0.0023037469872624504,-0.15033714633798084,0.004404253913227047,0.7255336091954991,0.009388706232361158,0.5160522196077058,0.009491422112426106,-0.72504499267221,0.004837303607868842,0.5177064916560047,0.04682373363339883,-0.7048841874529044,0.0210049038602725
vae,only_Bounce_rate_6D,30,0.4989267450476091,0.0017575630225809824,-0.1519662014048366,0.0040457258077675005,0.7279263203328149,0.009536351744336504,0.515548579863136,0.008873542596580904,-0.7212060385910168,0.0040833021686920625,0.5515717729126919,0.06552243938750581,-0.6998675208441825,0.018736583526362434
vae,only_Bounce_rate_6D,50,0.495743008058917,0.0016833509684241563,-0.15514993839352864,0.004376065248750703,0.7295442017621175,0.00941143398391,0.4886067568440592,0.0075719503774674375,-0.7229388588544172,0.0031718823263030974,0.5413081419805849,0.038688878479065644,-0.703542191240307,0.016952448650196926
vae,only_Bounce_rate_6D,100,0.4945935615503288,0.0016133757503496542,-0.1562993849021168,0.004448759299866587,0.7298909115708953,0.00915268040868563,0.4747982147429166,0.007658197082947771,-0.721296515086011,0.001956495351235406,0.49935914246249313,0.05758944642224003,-0.7077813502319359,0.01452942998097216
vae,only_IMU_LatAccelVal,5,0.5123887252121799,0.0041780895452365055,-0.13850422124026565,0.00473587330441217,0.7173745379879963,0.00901620086971952,0.5346106516689341,0.006656957496461672,-0.7557963255378153,0.00652469869277193,0.5290995068473832,0.05526126031890306,-0.7403713863542838,0.02957495477183014
vae,only_IMU_LatAccelVal,10,0.5095691739954501,0.0026039665946842954,-0.14132377245699557,0.004663736338991905,0.7219518308842313,0.009048235949534142,0.5432877616975481,0.006078602001787479,-0.7308735944840515,0.004855449029843366,0.5198099329796704,0.06095571933884237,-0.7280304621588017,0.03066783045801529
vae,only_IMU_LatAccelVal,20,0.5093167448009336,0.0025768312120380303,-0.14157620165151222,0.004421583252505605,0.725748868854555,0.009093660667180667,0.5471998204179671,0.007192135290485729,-0.7130780874169238,0.004210871508682743,0.5240252653137124,0.059031517693176286,-0.709126336034933,0.024944718827233755
vae,only_IMU_LatAccelVal,30,0.5084578866303314,0.0026396708205765978,-0.14243505982211427,0.004577143200354709,0.7266627220148786,0.009207422370375166,0.544446366019234,0.008466906128116443,-0.7089838398491004,0.004456804866215864,0.5545371848889442,0.0590793667673107,-0.6997853708816029,0.018914033076583542
vae,only_IMU_LatAccelVal,50,0.5093373065166816,0.0020492064892789915,-0.1415556399357641,0.0043604354893328045,0.7282328738484483,0.00893642666409259,0.5582479897308484,0.006720984564497184,-0.701468800454856,0.002956718608494938,0.5148556690578112,0.05492817711442865,-0.6966874219262477,0.01874661559013603
vae,only_IMU_LatAccelVal,100,0.5081695256520717,0.0019708738859055526,-0.14272342080037398,0.004347747813176284,0.7305376848270446,0.008948214834783348,0.5833443132686819,0.007852882004866826,-0.6972910065701343,0.0027159313275235447,0.5325315093248318,0.059719249850640165,-0.6954887952536767,0.02037322526015169
vae,only_IMU_LongAccelVal,5,0.522255333675701,0.004108244091188119,-0.12863761277674482,0.005290923420141639,0.5955437898074593,0.013187358193480835,0.5530660862200285,0.007969192291177204,-0.7380578782517145,0.006660099029612492,0.6017899267280513,0.04746533000583516,-0.7331334299820891,0.029868087263792958
vae,only_IMU_LongAccelVal,10,0.5173015456668001,0.003508384591385502,-0.13359140078564566,0.004098104880402264,0.6057675326397687,0.01286215936503297,0.5710271337294807,0.011943080881940113,-0.7125367932589629,0.007392698064356906,0.635898886001268,0.04160645529992128,-0.7036051307415858,0.03240582048194657
vae,only_IMU_LongAccelVal,20,0.5124513166200197,0.0022440666947707148,-0.1384416298324259,0.004106370939355312,0.6180913067235559,0.012485255194082508,0.5635225541699134,0.012847380720640348,-0.7021288318862098,0.0053780389378603665,0.6097974064531425,0.0431759483155345,-0.6985815832301432,0.022074087595515553
vae,only_IMU_LongAccelVal,30,0.5091070034369366,0.0016943624649977328,-0.14178594301550915,0.003907631155374377,0.6258251523733775,0.01255106012081672,0.5641791404088398,0.009798699508587328,-0.702192936084718,0.00372256469944894,0.6175929842203891,0.051941105805820585,-0.699815387508737,0.01943689542053876
vae,only_IMU_LongAccelVal,50,0.5055854065270612,0.0012562624579209184,-0.14530753992538448,0.0038989161634238093,0.6360526253070318,0.012207015589608657,0.5574744910043373,0.007599106060938236,-0.7029260129905947,0.0028189051854965756,0.5408374267617488,0.04311870227936508,-0.7092580041860853,0.014672866925350924
vae,only_IMU_LongAccelVal,100,0.5019881456215286,0.0014339292255513144,-0.14890480083091712,0.003996610567173255,0.6522789714727532,0.011443381228990948,0.5311738849381263,0.010188241509150124,-0.7053048302627081,0.003207728438136832,0.49538842373561714,0.030213300609172163,-0.7062102696374077,0.01632201317449128
vae,only_IMU_VerAccelVal,5,0.5207724081387817,0.0035038290155585965,-0.13012053831366402,0.005113871043191667,0.6999369547233381,0.010816622789360398,0.5611197311383077,0.008970617649070601,-0.7429267480697094,0.007652705379538139,0.5489963450214674,0.027600839469693182,-0.7596174554580457,0.02664003751698552
vae,only_IMU_VerAccelVal,10,0.5199298359142928,0.003632198083690014,-0.13096311053815285,0.005202036550601277,0.7037213615992388,0.010451357377371536,0.566554774887791,0.00850018629474988,-0.716408572872993,0.006380832047677013,0.6194046308642313,0.04913865841758255,-0.7193739869846815,0.0255677181538389
vae,only_IMU_VerAccelVal,20,0.5153373373869823,0.0022903544262083265,-0.13555560906546335,0.0049715647984083745,0.7080476882690533,0.010076692726122202,0.5646167677780032,0.004450101988114149,-0.7063673528858667,0.0032523985243994784,0.5902967545462408,0.04854132009576696,-0.7004633979429216,0.021807851950870382
vae,only_IMU_VerAccelVal,30,0.5134194070294236,0.0016879232597454058,-0.13747353942302207,0.004783386518423434,0.7104465781986754,0.009913560068832492,0.5630326285846572,0.004806996182769216,-0.7026805311035795,0.002118546427917765,0.6105570801843259,0.04853433679945798,-0.6951825208174139,0.019726468176556915
vae,only_IMU_VerAccelVal,50,0.5095060768144147,0.0016097749139253024,-0.1413868696380309,0.00452595225946674,0.7134066281184535,0.009716338438044866,0.5524955203246368,0.00589925143342929,-0.7028523465882126,0.0018804020674537628,0.6244078030794751,0.054484258840059994,-0.6838130229480417,0.021737934648900167
vae,only_IMU_VerAccelVal,100,0.5048151282245461,0.0023596209222152675,-0.1460778182278995,0.004404469750630694,0.7167271701225236,0.009573557402643042,0.5324842217090231,0.006722137012125344,-0.7058026586347449,0.002761899624172885,0.5666517924974653,0.020124631767896823,-0.6951037391773892,0.015414076918334843
vae,only_Pitch_rate_6D,5,0.5152447127590907,0.0033015126545935785,-0.13564823369335482,0.0054224898772176336,0.7088597158334468,0.009603094350200216,0.56713617287304,0.007119836899777521,-0.7380324861582185,0.004708329096819742,0.6005877778016793,0.05414230292336863,-0.7209666637299159,0.03786834594787963
vae,only_Pitch_rate_6D,10,0.5148072013690982,0.002408225263790956,-0.13608574508334745,0.004285431885833977,0.714225639542498,0.00926220980465971,0.5931766791396594,0.006345465464823831,-0.7093101566411114,0.0024868026764132112,0.6048196469215659,0.054700607648544855,-0.7008141466089592,0.0322326293591181
vae,only_Pitch_rate_6D,20,0.5113000349225221,0.0019718975688370103,-0.13959291152992362,0.003824931391845195,0.7176403610893004,0.00940595107132001,0.5937005477800531,0.007884046607557808,-0.6996868418086567,0.002389631614677269,0.5891967930936852,0.054705465799057794,-0.702623588318194,0.027591866414917704
vae,only_Pitch_rate_6D,30,0.5093220898593206,0.0022741344814975776,-0.14157085659312502,0.004397392233955378,0.7194751671753999,0.009273760229648317,0.5939646438610222,0.006898958184973943,-0.6992859023319603,0.002893365081147083,0.5987265930443619,0.06071952199060143,-0.6986920194657589,0.02308345795496901
vae,only_Pitch_rate_6D,50,0.5056316779214972,0.0023647641910972783,-0.1452612685309484,0.004285610820106021,0.7210677859062691,0.009255938601399455,0.581912530190678,0.0056942651561544995,-0.7018621647410408,0.002380413376683974,0.606695121588795,0.059997444764780104,-0.6959221510917127,0.02416006652119162
vae,only_Pitch_rate_6D,100,0.5029228036047246,0.002295201299057494,-0.1479701428477209,0.004301304721050717,0.7227791696403127,0.009532482431381877,0.5615421441471093,0.006701341682922595,-0.7041819065398975,0.0023084950479168626,0.598623999538263,0.05570906581070487,-0.7020973022532503,0.01831766239866107
vae,without_Bounce_rate_6D,5,0.4927735549861877,0.003549609592346374,-0.15811939146625795,0.005185972541748235,0.6189323532036064,0.011588270508781827,0.4804099841906864,0.008336811254750118,-0.8034281365468798,0.008167896751326998,0.5254997733108816,0.06839510978987912,-0.8035870890838657,0.042677408312111885
vae,without_Bounce_rate_6D,10,0.49898727493758593,0.0033791989995644585,-0.15190567151485976,0.0057366783376158,0.6380303361853622,0.010650950909713977,0.492382531591882,0.010057334472379973,-0.7557446760426639,0.005931598018580112,0.5309539218243888,0.0508708383273024,-0.7542215628854028,0.02699768926717914
vae,without_Bounce_rate_6D,20,0.5035169836770703,0.002535685363829884,-0.1473759627753753,0.004644876516426501,0.6533826094144989,0.010262211345550104,0.5127166606262712,0.010166808344475585,-0.7260343213496492,0.003916185496227456,0.502452656440077,0.04790235091881196,-0.7231099049398126,0.02240527956052577
vae,without_Bounce_rate_6D,30,0.503049380058959,0.002540141230151628,-0.14784356639348667,0.004544769497770891,0.6609136599200098,0.009921777794209318,0.5165841273807101,0.006109317466797915,-0.7203933256050251,0.004053607111042321,0.5372603533660723,0.06838894000878357,-0.701931706445807,0.02379574855076593
vae,without_Bounce_rate_6D,50,0.5044364336317234,0.002162356167391228,-0.14645651282072214,0.004168927675732892,0.6698533340103682,0.009787676491696873,0.5353199273923002,0.008147625476715863,-0.7105791113201125,0.003132568970725922,0.516416462003394,0.0813704170601752,-0.7008737426207918,0.021044770509296873
vae,without_Bounce_rate_6D,100,0.5035549291723493,0.0021373822941359987,-0.14733801728009624,0.004354950041227339,0.6806171177488667,0.009527477031086076,0.5372096671769528,0.006432054941138305,-0.7065908334096347,0.002624290928681299,0.5365582068753432,0.05334334288173704,-0.6923252852231747,0.02081765971095948
vae,without_IMU_LatAccelVal,5,0.5123408129274546,0.004392895156290265,-0.13855213352499102,0.005441260782802674,0.6046626580435582,0.013859204651341462,0.534188116468829,0.007565387518097138,-0.7638472327971891,0.007829945914316976,0.5055819505326672,0.04756346103279825,-0.7795775191053382,0.02447402477121391
vae,without_IMU_LatAccelVal,10,0.5081234710285912,0.0031652905906528477,-0.1427694754238544,0.0046562652831168665,0.6245679341871051,0.012809371185235167,0.5301985254607444,0.008012381163393546,-0.7390227561647806,0.006305699526306831,0.47154918565754844,0.04357560622242107,-0.7581378605035614,0.019279864170584023
vae,without_IMU_LatAccelVal,20,0.5051543000736208,0.0029259720941074933,-0.14573864637882494,0.004947573213846504,0.640898288871847,0.012362808932598838,0.5145305910618084,0.007885405409267666,-0.7238213939603061,0.005363219690375174,0.4384676355334719,0.04572158197332989,-0.7541654876565876,0.013503372006835674
vae,without_IMU_LatAccelVal,30,0.503480172751938,0.002480803952223985,-0.14741277370050768,0.004281417779704141,0.6494639567536414,0.012042217325448487,0.5105185347469272,0.00801133653597872,-0.7190568061406758,0.004498254155229603,0.47142558603464424,0.04279134641312096,-0.7351506900272946,0.013016916533735297
vae,without_IMU_LatAccelVal,50,0.5025173129379389,0.001975704607880785,-0.1483756335145067,0.0045723855863931614,0.6603820614794006,0.011581187131041781,0.4953569219511163,0.0057832375681575515,-0.7141713053192431,0.002847729762336652,0.45442401972667434,0.042613782187452966,-0.7249940768156351,0.01291803018942065
vae,without_IMU_LatAccelVal,100,0.5026601129050065,0.0018085119950459747,-0.14823283354743919,0.004489707640051905,0.6738670462875563,0.011129710088813392,0.498907963402218,0.005862883949221763,-0.7094686294751196,0.0024056605358927074,0.4780945311958651,0.04497655206352797,-0.7049295379839344,0.014703682591396608
vae,without_IMU_LongAccelVal,5,0.5187753867235723,0.0018310917311782447,-0.13211755972887337,0.0052436354438727215,0.6384167446151616,0.01260130595175777,0.5461467011926417,0.004965000644976439,-0.7656171916124903,0.004031225501926182,0.5278532478927241,0.06485040133366426,-0.7864084290748733,0.03350047070625794
vae,without_IMU_LongAccelVal,10,0.5150138742543974,0.0017292191032118951,-0.13587907219804823,0.0040861210964176775,0.6613938469963415,0.011430176034745462,0.5523735744047438,0.006630901699343431,-0.7407129365133913,0.005870648878882675,0.5401103353450611,0.06745444111719837,-0.7852377618360548,0.040038857635934615
vae,without_IMU_LongAccelVal,20,0.5104955406035802,0.0013726996470489747,-0.14039740584886543,0.004150330101340816,0.6795037328399882,0.010574101731459147,0.546947152567774,0.009170346720449108,-0.7214982365659475,0.005062055353562297,0.5638946698403207,0.054703408510391724,-0.7151727225478901,0.016633396638767634
vae,without_IMU_LongAccelVal,30,0.5073031041323671,0.0018436950433194995,-0.1435898423200785,0.004440345497404211,0.6878787898575217,0.010247620868190888,0.5348336155424468,0.007627294683159848,-0.7144233893596205,0.003426653410272387,0.5845781096764512,0.05701397327185687,-0.6959170557422846,0.0163613055902862
vae,without_IMU_LongAccelVal,50,0.5044786037775634,0.001528554202334101,-0.14641434267488224,0.004663930192260599,0.6965090912339,0.010075728630965947,0.5205585741263062,0.005689957239440255,-0.7116582826598397,0.0024610026773693432,0.587487208694903,0.05423608295595006,-0.6807073444370847,0.01942308876909561
vae,without_IMU_LongAccelVal,100,0.5018069233143224,0.0016108477787949796,-0.14908602313812314,0.00444110756766969,0.7053172322271637,0.009990271821534266,0.5119249638571429,0.007241570631136356,-0.7098531842673853,0.0014249459743476218,0.5643248450674399,0.0745895304085315,-0.6881439627324337,0.01916502180815693
vae,without_IMU_VerAccelVal,5,0.5071243115688274,0.00354612982859625,-0.14376863488361827,0.005489930779669634,0.6133236809409948,0.012355135764508442,0.5334427652447388,0.006797040039111174,-0.7676695101512414,0.006516098004866978,0.5505606176680395,0.04717001371361995,-0.7702293601917927,0.037585138673810095
vae,without_IMU_VerAccelVal,10,0.510958446339739,0.002751677409764929,-0.13993450011270667,0.004951789807355977,0.6333891542429048,0.011669248058466246,0.5365219980025351,0.009594251547635178,-0.7270921026178784,0.005066267307543434,0.5590077169366288,0.04113231934661337,-0.720254293277192,0.030263795975009646
vae,without_IMU_VerAccelVal,20,0.5067300991494182,0.001562271500521734,-0.14416284730302747,0.004100342978768104,0.6494569385510103,0.011077154838056765,0.5267476590270375,0.010424993408098776,-0.7168297487644872,0.0036564422446760947,0.558902398797399,0.05689538588426974,-0.7175149093100963,0.026929211308205258
vae,without_IMU_VerAccelVal,30,0.5045736705503654,0.0017846599619104485,-0.14631927590208038,0.004711365854090873,0.6586394988476311,0.01074084390437164,0.5169247331011639,0.009111416353534952,-0.7146471343558353,0.00342591965903489,0.5565877954557135,0.05555223939458407,-0.7045484033905247,0.02824530424399645
vae,without_IMU_VerAccelVal,50,0.5034687981569466,0.0017942389644496246,-0.14742414829549907,0.004697242705600939,0.6690352881218908,0.010512260400372918,0.5128982805578527,0.007128057507969949,-0.7111546280022611,0.002231420351978017,0.5419427552639215,0.07699648419970047,-0.6943168308486464,0.025376998249307954
vae,without_IMU_VerAccelVal,100,0.5033170710522186,0.001616842753889872,-0.1475758754002271,0.004637636364921648,0.6805716021163393,0.010128870492225524,0.5069081316777411,0.0075703237918014095,-0.7064445505071363,0.001784929276066757,0.533935693785315,0.07936361117226307,-0.6908190396120094,0.021088137201597724
vae,without_Pitch_rate_6D,5,0.5032995669223109,0.004314403352288801,-0.14759337953013482,0.006585646428106824,0.6321150497009971,0.011778435372350337,0.5121932912499313,0.009958640540645379,-0.7806597893284863,0.006679983838834753,0.48942541783389454,0.03583471374597326,-0.7830759025116627,0.032423350692052426
vae,without_Pitch_rate_6D,10,0.5061149195948543,0.003663925912515688,-0.14477802685759145,0.0063209091293035605,0.6483194341686496,0.011228090799552094,0.5178036490531871,0.010875799105797772,-0.7456906015368908,0.005718197513875491,0.5406670223323301,0.049732183607288455,-0.7496203847929224,0.03479071234950871
vae,without_Pitch_rate_6D,20,0.5070048892550687,0.0023486049548645917,-0.143888057197377,0.005070362523302554,0.6606500715394535,0.010599083379129067,0.5254746354221567,0.00924961605325239,-0.7220839973970311,0.004007563089619379,0.5346443250276524,0.049317081672725256,-0.7204877976051139,0.026291644223716708
vae,without_Pitch_rate_6D,30,0.5058935861955548,0.0024079624441364776,-0.14499936025689092,0.005229001864431154,0.6667464588846332,0.010285605635103515,0.5250988388224018,0.009698306171405498,-0.7164080105599338,0.004120319976137501,0.5842988925068672,0.051463029300754304,-0.6968805898611625,0.02377759067176253
vae,without_Pitch_rate_6D,50,0.5066627945211508,0.0019119030762539005,-0.14423015193129488,0.004385663957768306,0.6741494684141605,0.01004009679107355,0.5327234388552586,0.006186344733889325,-0.707869686314465,0.002760695480646531,0.5813559065298626,0.0502395231900279,-0.6964651707812043,0.022592624611723695
vae,without_Pitch_rate_6D,100,0.5043405359624926,0.0022138925609454744,-0.1465524104899531,0.004152006647318699,0.6839287578951453,0.009783324060145105,0.5316747133234132,0.005963453638836949,-0.7064915653707408,0.003167650766563731,0.6030582064716452,0.06194601462654479,-0.689235549758064,0.02238361514462322
