encoder,channel_set,k,agree_cross,agree_cross_se,agree_cross_excess,agree_cross_excess_se,rho_cross,rho_cross_se,vote_auroc,vote_auroc_se,vote_mlpd,vote_mlpd_se,heldout_vote_auroc,heldout_vote_auroc_se,heldout_vote_mlpd,heldout_vote_mlpd_se
ae,full,5,0.5086741992437999,0.0028289046239784467,-0.037817563003580655,0.008500007590327137,0.6190160263091956,0.013327519841721355,0.5015000798163138,0.00604968129188551,-0.8067565148897844,0.006666727220187462,0.5092769486480161,0.048362341610098156,-0.7247816783473666,0.03208210274849613
ae,full,10,0.5017099540776239,0.002253598062903076,-0.044781808169756576,0.008448805046732552,0.6369781773731209,0.012514483251312119,0.48238795533382606,0.006141384123837616,-0.7780045403357193,0.005651512331644169,0.4887628195370356,0.04770283292613485,-0.7200125052082678,0.029731764789659394
ae,full,20,0.4967319208554756,0.0024418203780748166,-0.0497598413919049,0.008108338461491208,0.6533939975179021,0.011289213270138163,0.4597984797687519,0.006238448564514469,-0.7595821305727516,0.005929244255019696,0.5044610612837095,0.024860841421409412,-0.7250934711325481,0.02004629446542759
ae,full,30,0.4937973152152762,0.002337873497375544,-0.05269444703210424,0.008147098416303549,0.661665123430482,0.01089936378062429,0.4427702039658509,0.006444512637305203,-0.7549437961029881,0.0052786321208062115,0.5458005695798606,0.03456210660202721,-0.7158991362573,0.01959003154808513
ae,full,50,0.49258500613347894,0.002513277483144677,-0.05390675611390152,0.007937538983729427,0.6710355586003808,0.010630384420733737,0.4283112977018787,0.006503826414290953,-0.7476441627579121,0.004906039659806602,0.5737056330690655,0.04042799923935252,-0.7079161304113681,0.01684682624418084
ae,full,100,0.49102407649808777,0.0024569425272671975,-0.05546768574929267,0.007953438885094087,0.6830396226515434,0.01026792397309418,0.40685264320288006,0.006490515370178644,-0.7419470448595414,0.004505687525887226,0.6159577908023242,0.05649523839727862,-0.693295183539291,0.01846883619264009
ae,imu_only,5,0.5043845605539126,0.0020100504270299715,-0.04210720169346785,0.009414361602561455,0.6383496171868963,0.012346624162435474,0.49464435417123287,0.005116925426946529,-0.8066633646113823,0.003791265612558342,0.5423737046665871,0.042821578729939566,-0.7234808487032012,0.03219791758934929
ae,imu_only,10,0.502544887927764,0.0018826785266535606,-0.04394687431961645,0.009221649031804722,0.6509078461723496,0.011747389087754571,0.48780321781185554,0.00558346961854208,-0.7691624155658169,0.004284316333187497,0.5989103416181705,0.05498327627901793,-0.708326922776219,0.024954153666002416
ae,imu_only,20,0.5001613379233368,0.001904502690256179,-0.04633042432404368,0.00871237600483706,0.6640810327165039,0.010983432877874759,0.4778508736088482,0.005332079558245184,-0.7473494214671922,0.0036739505100823163,0.5929227477510846,0.023228657541723912,-0.7035782289806245,0.018143329748176736
ae,imu_only,30,0.49978285271450495,0.0017419244456453361,-0.04670890953287541,0.008729167669942566,0.6714901100302271,0.01074184032206875,0.47309300056044606,0.006352834295639501,-0.7385355032282818,0.003464243513073151,0.5882486256011894,0.019758328323488027,-0.7006269880335524,0.015560399445922335
ae,imu_only,50,0.4980296740318638,0.001821719666964117,-0.04846208821551655,0.008720758332012914,0.6799202301378978,0.010375329102403479,0.4610621434395565,0.007832008203982303,-0.7335004533322933,0.0036054603606962624,0.559118521782043,0.032582567573786754,-0.7023852900356556,0.013570498078370782
ae,imu_only,100,0.4952831032104883,0.001996114475732005,-0.05120865903689211,0.008524875737232561,0.6920890871398161,0.009971732943234621,0.43469038475554544,0.008016028628993794,-0.7302913255333959,0.0037742111094081726,0.5957503169334202,0.024995278707636688,-0.6908486010193025,0.015650988403326113
ae,only_Bounce_rate_6D,5,0.4938009436926505,0.001457861609159074,-0.05269081855472992,0.009177427292659307,0.7045861255741931,0.00996659247718452,0.46966839506951014,0.003998471787185503,-0.8210895378802988,0.0031011599066650382,0.5723012961634271,0.041637051624328895,-0.7217703803174464,0.03030842034112669
ae,only_Bounce_rate_6D,10,0.49221538428475703,0.0016603839568813598,-0.05427637796262347,0.00880388149498132,0.713740438712755,0.009677199313264164,0.4554241951767059,0.004562512729604119,-0.7868431547974962,0.0034107379198390023,0.5116877372111123,0.028981337669875956,-0.735300041360835,0.023721638602145285
ae,only_Bounce_rate_6D,20,0.49065062641110757,0.0020375257992109714,-0.055841135836272884,0.00833976375405789,0.7221765217182979,0.009346246542138949,0.43416265170899243,0.00452922511492673,-0.7642943582616167,0.004050147070974827,0.5536489700133006,0.018690193301166294,-0.7082228505134853,0.020394982035173714
ae,only_Bounce_rate_6D,30,0.4901652864407269,0.001917922866165135,-0.05632647580665353,0.00840005428966213,0.7254823302448974,0.009224763225165277,0.42416615745589314,0.005008367280045832,-0.7571857794166337,0.003957440833089521,0.5832597606179548,0.03941224955245266,-0.6945980815178082,0.02369253061817099
ae,only_Bounce_rate_6D,50,0.48986239989125735,0.0019865380291898644,-0.05662936235612307,0.008380937036752384,0.7280625954563164,0.009142062079197454,0.40967182572907523,0.0062088963751877075,-0.7504611689848308,0.0036325565558077686,0.5729071912345665,0.048145032307144175,-0.6903127961271288,0.02260334817085022
ae,only_Bounce_rate_6D,100,0.4888197415853985,0.002124360452630967,-0.057672020661982,0.00829252278435088,0.7295653766989885,0.009190226890222326,0.39069464239332796,0.0072746238243523165,-0.745151838183527,0.004043023999990359,0.5282806536992155,0.04922332700306983,-0.704698170399596,0.01592015763256993
ae,only_IMU_LatAccelVal,5,0.5026039829049025,0.0016827293232654162,-0.043887779342478006,0.008978604798960725,0.7051022124752913,0.009447013566954685,0.48984205755793575,0.004757317106058096,-0.8120008908495924,0.004786263043172915,0.5825495400673517,0.058982461875616024,-0.7363727504050808,0.04980160842560869
ae,only_IMU_LatAccelVal,10,0.5020849962236374,0.0014152661130220636,-0.04440676602374306,0.00906336490328282,0.713584755984056,0.009175663313846559,0.4834418994845227,0.005652824440226407,-0.7688334014483214,0.003750941532339351,0.5711454195920912,0.06421463115185234,-0.715654150871709,0.04357449631474768
ae,only_IMU_LatAccelVal,20,0.5015019476459218,0.0014936804405433347,-0.04498981460145869,0.008965907025152535,0.7179460670358149,0.009582069273563386,0.47718691165605653,0.006916317596139859,-0.7437328889091094,0.003825962027284625,0.5710370407861847,0.07158478115216524,-0.706864260790856,0.032849917518064306
ae,only_IMU_LatAccelVal,30,0.4995543978751926,0.0014014821473889545,-0.046937364372187755,0.008990979462805538,0.7209312211481116,0.009631788915797574,0.4676191820184744,0.007625357290389767,-0.7390081314562976,0.003637256976472402,0.5666222905230015,0.08183090671552834,-0.6945027954625642,0.027300765491419198
ae,only_IMU_LatAccelVal,50,0.49798987146185736,0.0013070477708947935,-0.048501890785523125,0.009003075298383697,0.7248854017534363,0.009438164146139787,0.4557514962840279,0.008698003827732058,-0.7346947534751787,0.003203005674510868,0.5580522320432695,0.06300204974416848,-0.6944805222430618,0.02392197074060555
ae,only_IMU_LatAccelVal,100,0.49477923515734207,0.0014037474704596022,-0.05171252709003835,0.008901540717270461,0.7294743842875924,0.009244673703650215,0.4308999561016861,0.009695153418053807,-0.7326912419578733,0.0032096785308217035,0.5798773495710586,0.05681864275847982,-0.688790872737369,0.02217239328749724
ae,only_IMU_LongAccelVal,5,0.5230538244295022,0.003139780315748984,-0.023437937817878306,0.010078839781784778,0.5736223071140155,0.01257433391603558,0.5373941370964752,0.0084477158808313,-0.7710300275999988,0.005730845844477559,0.5584053844716712,0.028767772842783985,-0.7175136233218381,0.015674602152127324
ae,only_IMU_LongAccelVal,10,0.5181157624150534,0.0027628386519012726,-0.028375999832326988,0.009959651290824304,0.586218536509379,0.012711529155242252,0.532829173566873,0.009674217044638564,-0.7427192598859179,0.004435577259609459,0.604544070693848,0.025918327531601205,-0.6992819633915278,0.015313381137735747
ae,only_IMU_LongAccelVal,20,0.5122622642851894,0.0023595494864921225,-0.03422949796219103,0.009524237784798741,0.6022831637413761,0.012300239666168139,0.5195748629984295,0.01051130349240256,-0.7273626229803664,0.0035875614860183765,0.5893517691184175,0.038411446479443875,-0.7078041084084056,0.016483754677000317
ae,only_IMU_LongAccelVal,30,0.5089413339839658,0.0021621527313397744,-0.03755042826341466,0.009432679906258195,0.611087886549194,0.012050393647134675,0.5098319318681881,0.011387547799628054,-0.7233361547166166,0.0030805986551847198,0.5794544254794748,0.040835186806650374,-0.7120330008059705,0.01397297342222168
ae,only_IMU_LongAccelVal,50,0.5056029712303467,0.002300008234410677,-0.04088879101703381,0.00913938255143175,0.6232239650946908,0.011832812878059921,0.4957720580197097,0.012633787207596088,-0.7200475522182932,0.0034005805056606503,0.578250372786025,0.04097855617271977,-0.7066117255810322,0.014266740385029406
ae,only_IMU_LongAccelVal,100,0.5010601381329141,0.002073950461605031,-0.045431624114466426,0.00907588668614897,0.6424964747587171,0.011143726509440254,0.46621454002538937,0.01454614919523485,-0.7205084716221382,0.0033443777109140728,0.5498345033408355,0.0423680130400706,-0.7089986087668931,0.015100817815545918
ae,only_IMU_VerAccelVal,5,0.5175031146571274,0.0019182924072079378,-0.028988647590253113,0.009848301937424815,0.6867371274738685,0.011540142763938156,0.5226180531919462,0.005973332821336126,-0.786087142739085,0.0055480301304007395,0.599592697915046,0.05282441084952334,-0.7203915437910253,0.03291182441534843
ae,only_IMU_VerAccelVal,10,0.5125452792305478,0.0017227692617724833,-0.03394648301683264,0.009568179139614406,0.6974628769578362,0.010878062767148837,0.5162040947559766,0.006685338317739585,-0.7542962492198851,0.004937096701143204,0.6038186786143701,0.05060468635616091,-0.6978936727854779,0.02304517124372468
ae,only_IMU_VerAccelVal,20,0.5064955013246595,0.0019086490088997903,-0.03999626092272087,0.008810495594660414,0.7055818619249605,0.010115962251009605,0.4958061456200866,0.005675026063634445,-0.738131174637974,0.004061419657824941,0.6079030414454959,0.042819676456904376,-0.6964131109834722,0.025162148847342733
ae,only_IMU_VerAccelVal,30,0.5041629397678055,0.0020833699774922697,-0.042328822479575035,0.00854622120054764,0.7093631994097562,0.009789034815137963,0.4860893339080784,0.005574792715199789,-0.732674132522452,0.003984245716693729,0.5985391947753402,0.05175539799434333,-0.6891271287316866,0.025135801343407562
ae,only_IMU_VerAccelVal,50,0.5018028320589976,0.0022075679546827262,-0.044688930188382936,0.008277650152753557,0.7118365484972348,0.009857208543463752,0.47507240574745946,0.0052335133320096,-0.7285016807251907,0.0036780309525403436,0.5743506511652172,0.027886727155629887,-0.6840086675363561,0.020434799403218032
ae,only_IMU_VerAccelVal,100,0.49814589752049476,0.002368109805634449,-0.04834586472688574,0.00810552762327446,0.7154212405484396,0.009772660303534431,0.4531566324893925,0.006219314196016994,-0.7276798613965872,0.004078126975769368,0.6222430969585062,0.03746689756780123,-0.6804810566086705,0.017241939232183562
ae,only_Pitch_rate_6D,5,0.4945747105868551,0.0030343764012159898,-0.05191705166052535,0.007659739053680395,0.7023098448847505,0.009840396530602162,0.47239166828331547,0.004110544924914008,-0.8284277078375972,0.006935716971812017,0.5477246039333499,0.07324649581273904,-0.7201434789993905,0.032378130863754226
ae,only_Pitch_rate_6D,10,0.49468024406038325,0.00316008607835824,-0.05181151818699716,0.007399388814344454,0.709325977702645,0.009523785949767062,0.46421720739795846,0.004998702749968033,-0.7838897920351264,0.007182157005478798,0.5429212061333486,0.05966161276214145,-0.7210307232716378,0.026123317254815183
ae,only_Pitch_rate_6D,20,0.4939465500003749,0.002516702151928777,-0.052545212247005604,0.0078743631236358,0.7152864312402516,0.00927387373854073,0.4508818141421324,0.0046315928995949935,-0.7571362977081793,0.005142272354887243,0.5593903422041377,0.05007545499098203,-0.7010972358613973,0.02074258566852334
ae,only_Pitch_rate_6D,30,0.493470599630654,0.002292764958958088,-0.05302116261672657,0.008132288251338448,0.7171690538284163,0.00911863833456285,0.44339058702106576,0.00494944932057571,-0.7491597770600604,0.0046638169784082445,0.6086250156617543,0.03855959292536595,-0.6942092056693153,0.01975545453759051
ae,only_Pitch_rate_6D,50,0.4928830942505379,0.002073179788226977,-0.05360866799684261,0.008362610889748037,0.7196711672414347,0.008965101445425241,0.4327079610594928,0.005707061444831108,-0.7424067048652998,0.004375505070288539,0.6067522643383022,0.027503720283503265,-0.693029974094009,0.01685065398170778
ae,only_Pitch_rate_6D,100,0.49149622701298606,0.002035262181162231,-0.05499553523439439,0.008378858184812335,0.7223092061305222,0.009124304460037973,0.41573022362728757,0.006033315589888146,-0.73967060913466,0.0040833599411279975,0.6157937216909579,0.046484313912054515,-0.6949260264873939,0.01614404746190089
ae,without_Bounce_rate_6D,5,0.4978595155455262,0.0029987167624409288,-0.04863224670185428,0.0077265075084411985,0.6271836911781354,0.01226108656928613,0.4783365990572935,0.003607129204125741,-0.8252845021022379,0.004230420689381722,0.5001214191202942,0.04304497723408869,-0.7491063221672415,0.024527520700274585
ae,without_Bounce_rate_6D,10,0.4976988291570016,0.0025553786465091254,-0.048792933090378895,0.007751066104164569,0.644836095554894,0.011313653950146408,0.4695240534413975,0.0035669613052631984,-0.7846730182674282,0.003969489056301714,0.554159835774063,0.03166436049383886,-0.7414195316902543,0.022583957082912744
ae,without_Bounce_rate_6D,20,0.4964752954565677,0.002346507267854247,-0.05001646679081275,0.008139690966499502,0.6601371885513647,0.010587692668685955,0.4585133260292659,0.006535761101090828,-0.7584729495962529,0.004693588719788921,0.5394309839833877,0.026132178485023697,-0.7199081202920763,0.015883715195985547
ae,without_Bounce_rate_6D,30,0.49590226532811615,0.0023928512563932006,-0.050589496919264246,0.0080260369906235,0.6681294061834702,0.01053071389521743,0.45078468443239395,0.0068459916832121276,-0.7486358220056641,0.0047460317182105765,0.5736935726578899,0.05970011756584966,-0.7060505631680727,0.0165072761905232
ae,without_Bounce_rate_6D,50,0.49430172288802277,0.002484133695653931,-0.05219003935935771,0.007884536182003738,0.6773570535630373,0.010143360004390988,0.43446681213194804,0.0064259170793896534,-0.7425878527430971,0.004506918044717722,0.6108881315777055,0.061071935795290556,-0.6944961726006595,0.019512685495345794
ae,without_Bounce_rate_6D,100,0.49322500241985523,0.0026424024069940525,-0.05326675982752521,0.007657509456152625,0.6888457912398108,0.009852055513651625,0.4135284834822978,0.006063934797457809,-0.7375280222499484,0.004046953149183832,0.6267136764494686,0.06788340123806387,-0.6945880734034363,0.019236652365851148
ae,without_IMU_LatAccelVal,5,0.5033268011346607,0.0029351944816594267,-0.0431649611127198,0.007773001183338348,0.616969035080165,0.013197512923383203,0.4880647751056526,0.004424786728228695,-0.8124468390736258,0.006849167074069594,0.5152534791442582,0.04717861640124111,-0.7786572893950192,0.013598085047806466
ae,without_IMU_LatAccelVal,10,0.5019002096803996,0.0025662907476809425,-0.044591552566980754,0.007881250075891768,0.6342801878249016,0.012838021043816672,0.48221292407696587,0.0043787918724759916,-0.7755319530163934,0.006187562360954497,0.4871119032604295,0.030552447791578646,-0.7632311420233121,0.01474098704802166
ae,without_IMU_LatAccelVal,20,0.49961249044756934,0.002172824946492386,-0.04687927179981109,0.008316874166628211,0.648882514980439,0.0120775270644049,0.46974967679677027,0.0065800838671327515,-0.7533422503076203,0.0051813018534385335,0.4747527849511938,0.05929447078463921,-0.7305919732802146,0.015486063243517709
ae,without_IMU_LatAccelVal,30,0.4978364235335361,0.0021508482323005403,-0.04865533871384435,0.008281234302964013,0.6564488851408696,0.011834156202135042,0.45763913703231884,0.006901276739516523,-0.7460900955488828,0.005021395521261026,0.4781271999714963,0.0567269467018167,-0.713692006485272,0.01359751895158273
ae,without_IMU_LatAccelVal,50,0.4960865341243667,0.00237452939307963,-0.050405228123013714,0.008158639628053422,0.6663907197359512,0.011404884483091288,0.4427196234297505,0.007959454411809041,-0.740746485387195,0.005411093360824845,0.48507286973636826,0.04876060675739519,-0.7042269570883584,0.01451443282492898
ae,without_IMU_LatAccelVal,100,0.49369429882958527,0.0022951384585704667,-0.05279746341779523,0.008116805555845872,0.6804221745267174,0.010781790046391465,0.41916976227465597,0.007341390533583854,-0.7376036080119401,0.0048610302282647,0.5765488357559584,0.04017048891959969,-0.6986292914868008,0.014911285095974626
ae,without_IMU_LongAccelVal,5,0.508974200280536,0.0025240511088127525,-0.03751756196684457,0.009373074219949177,0.6424487098474795,0.012555008063252486,0.5021181478794418,0.006585370418848772,-0.8162213281904409,0.007543663015068064,0.5407694860731719,0.06500420876514411,-0.75769351970574,0.04637596791439843
ae,without_IMU_LongAccelVal,10,0.5016598640718922,0.0024076735729230115,-0.04483189817548829,0.008775822852191651,0.66295866644133,0.011404137727626051,0.4826236761369084,0.006741482504596675,-0.788502815097202,0.0067654690327665044,0.5533297618601897,0.06946183604275416,-0.7324075273655194,0.02674954344010224
ae,without_IMU_LongAccelVal,20,0.4984571291092485,0.002094233286006619,-0.04803463313813201,0.008570945914712216,0.6808844984319047,0.010449837632041123,0.465495144179407,0.007009900352147225,-0.7622489414160203,0.005813921572077827,0.5609225982650407,0.06991118530907432,-0.6991299348825658,0.02449712961087636
ae,without_IMU_LongAccelVal,30,0.4963593691249549,0.0022365549679969937,-0.05013239312242559,0.00830214792972468,0.6898489363039408,0.010187018514619483,0.45180953816540875,0.006984456750726423,-0.7548672748775968,0.005561379509255907,0.5876207158228997,0.06104929874504613,-0.693061096818036,0.022365076151076725
ae,without_IMU_LongAccelVal,50,0.49450929491495116,0.002288800785712682,-0.051982467332429325,0.00820221411177912,0.6993238570758715,0.009914628157313497,0.4356270672439228,0.007396325000028093,-0.7484226474848878,0.0051552632522415855,0.5658244199828621,0.05904630401358836,-0.6965667457058871,0.01806313089807515
ae,without_IMU_LongAccelVal,100,0.49305167110833725,0.002519278426143949,-0.05344009113904321,0.007908856250872528,0.7087017575380652,0.00951417422293596,0.4143764702482818,0.006396862648924859,-0.743439048256891,0.004686856390507311,0.5530452167431543,0.07052098082920907,-0.6927562588064318,0.019586843984452835
ae,without_IMU_VerAccelVal,5,0.506941296177043,0.0030459837706992197,-0.039550466070337506,0.007958606032990107,0.6279466042476188,0.012279237699416964,0.4998095092386269,0.005649695229559675,-0.8148245695756783,0.006441907563729337,0.44350622057932554,0.0627193189689054,-0.7817157868196989,0.03000642814414784
ae,without_IMU_VerAccelVal,10,0.5023445733943351,0.0028677361476687293,-0.044147188853045284,0.007941215681449903,0.645414327740183,0.01221793744442525,0.48569757468769853,0.006786214049683697,-0.7789463326697186,0.006985087736966695,0.5800667079124056,0.06271827374073359,-0.7252205924598794,0.03201794023805568
ae,without_IMU_VerAccelVal,20,0.49813285116409534,0.002264588094949326,-0.04835891108328519,0.00835459145149892,0.6604554452864017,0.01131259175973448,0.4654240378677975,0.007578275043683891,-0.758155865004684,0.005984116791366174,0.5599187242553979,0.06197787559954277,-0.7147660079401272,0.023313172582144822
ae,without_IMU_VerAccelVal,30,0.4967118663044305,0.002200876366801611,-0.04977989594294997,0.008274387970115687,0.668122726414552,0.011215505235949315,0.4553752502053537,0.007172894028846316,-0.7504433786842957,0.005324946828463041,0.5376894639168661,0.03764459335159019,-0.7094476657617019,0.016340509779000253
ae,without_IMU_VerAccelVal,50,0.49474637788749254,0.0023229256646629913,-0.05174538435988792,0.008074019763769164,0.676522687847599,0.011049615449351218,0.43847194745724594,0.007455882665132738,-0.7445169795232098,0.004812221285902013,0.5222631175156148,0.06837826815238252,-0.7052350569946604,0.01528420630708628
ae,without_IMU_VerAccelVal,100,0.49364439000372007,0.0024907762465248154,-0.0528473722436603,0.007873806266283069,0.6875872616753925,0.010617512007621902,0.41581251317093243,0.007012252617486174,-0.7377111371758802,0.004619628998667299,0.5075266068298235,0.06593423366013434,-0.6978595824033564,0.01626363824258856
ae,without_Pitch_rate_6D,5,0.5085401097130277,0.0028144783076553357,-0.03795165253435282,0.008071000689891,0.6342935915883352,0.011207206136132467,0.5023842513273733,0.004442097681634451,-0.8054875196140486,0.0051724121879440825,0.45327624522300647,0.05396977740499576,-0.773854251666284,0.019699718168994906
ae,without_Pitch_rate_6D,10,0.5058874511675159,0.0024070094482505264,-0.04060431107986465,0.00824002843867319,0.6499909057567965,0.011003809029161092,0.4952124424125418,0.005237098034912194,-0.7692781545655201,0.005084081388264213,0.5867718462026054,0.04949819753377543,-0.7282947913609735,0.021206043574067454
ae,without_Pitch_rate_6D,20,0.5030726460987475,0.0024348773405297335,-0.04341911614863297,0.008228230097427123,0.6635619030960813,0.01047850390246793,0.4846709890731768,0.006983927729579191,-0.7459193738765435,0.005227850011744029,0.60674320393446,0.05802400167995674,-0.702455353591066,0.021646354388723407
ae,without_Pitch_rate_6D,30,0.5014797970149094,0.002230417986843589,-0.045011965232471016,0.008344439970344097,0.6704653912338394,0.010270508242374531,0.4758316963421045,0.0074350124622128005,-0.7386342684305947,0.004934199443487013,0.5947564822095224,0.04712365977818864,-0.6909131495385881,0.02008585094957573
ae,without_Pitch_rate_6D,50,0.49961022844170716,0.002202382811306816,-0.04688153380567322,0.008284948790971145,0.6778093765902539,0.010113958188204418,0.4620031026800745,0.007449434473862732,-0.7336002663544989,0.0045814579329753495,0.5707278205910267,0.03724831922173188,-0.6898125864702926,0.0186355455912281
ae,without_Pitch_rate_6D,100,0.49747543388840254,0.002362367786222795,-0.049016328358977894,0.008092327136407155,0.6867818991263593,0.009812241907206259,0.4399172598726775,0.0076454164785800215,-0.7303686607261426,0.00442386033640112,0.5926492748276633,0.054900899295015015,-0.6887271136828003,0.017939074902372953
isobank,full,5,0.5432678672279929,0.002146396423800315,-0.003223895019387546,0.009285866176572892,0.5920066957227064,0.013744498847762406,0.5696346965623229,0.007629057166892031,-0.7720773626187001,0.00786621843453928,0.6176570835004674,0.04211783106550687,-0.733988235302828,0.03421579046101566
isobank,full,10,0.5308981666866687,0.002594925191715702,-0.01559359556071176,0.0081591032449612,0.619881845220594,0.012642973808377873,0.5507352342963477,0.007243562165737852,-0.7630186033136331,0.008522572523614326,0.6482218684686547,0.043893103075965924,-0.7035043367300291,0.03374265150278127
isobank,full,20,0.5217188458392421,0.002952823030784866,-0.0247729164081384,0.007643110806952813,0.6410583256389185,0.011687505445040406,0.5284873908921326,0.007233982267708476,-0.7551894276671474,0.008477988803571184,0.6200713317525777,0.021034958017056512,-0.7107286768435724,0.023574409941659092
isobank,full,30,0.5175293345020804,0.003187231761648337,-0.02896242774530001,0.007484694476448116,0.6510832459983814,0.011441533083828545,0.516476798578696,0.00768860232064972,-0.7533750922647227,0.008094623089647254,0.6082869277691787,0.027414111435108548,-0.7075084106397771,0.02339443354681634
isobank,full,50,0.5129171484190779,0.0033973616751127584,-0.03357461382830264,0.00734459310357651,0.662448744780719,0.01105530004722883,0.5016293289122951,0.008363750375464402,-0.7533410339613063,0.008485318657924495,0.6082224546005269,0.04408419963986461,-0.7107998674243702,0.025188265228002882
isobank,full,100,0.5083374350781493,0.00337305209630062,-0.038154327169231145,0.007473941599047457,0.6755184645602572,0.010620679885742095,0.4877949621260182,0.009345852163904125,-0.7528196147652071,0.008545050478364093,0.6271269777909072,0.04975341997113854,-0.6992292152292626,0.026807644341000587
isobank,imu_only,5,0.5352259079156587,0.004292486615035772,-0.011265854331721725,0.007004562317340357,0.6161321308564001,0.011448580371549336,0.5515917558508419,0.006956616309061135,-0.7850657009268984,0.009792726636980404,0.6473850594715399,0.026457153613368235,-0.719317704793043,0.045260148857533246
isobank,imu_only,10,0.5256191853281955,0.004126459126638887,-0.020872576919185003,0.006774658327032509,0.6389662280335222,0.011136633224339387,0.5371026594866644,0.007501847711031556,-0.767439314601372,0.009590131026087353,0.6480604433665614,0.010762494449512527,-0.7024848635475469,0.03018044673394883
isobank,imu_only,20,0.5199437120206541,0.0038216468530289987,-0.02654805022672625,0.006630482188596884,0.6548575740715499,0.010824544987738528,0.5242328486113388,0.0064087729050550215,-0.7539017769020137,0.008998786523730953,0.6901181750671496,0.03153768020109156,-0.6976661229043593,0.03015107507292609
isobank,imu_only,30,0.5160593279023116,0.003971366397861186,-0.030432434345068916,0.006514086777205736,0.6641543787795623,0.010631338740199427,0.5130040089677336,0.006862621954975674,-0.7511492668626774,0.008729429238754265,0.6694932651173421,0.028880466980316974,-0.6950627491050555,0.029136110393959615
isobank,imu_only,50,0.5120956400099754,0.003680190568351734,-0.03439612223740506,0.006785739102589125,0.672641846489165,0.010338046010384195,0.4999776843558248,0.00694541585136681,-0.7496179903667826,0.008543700440783822,0.6535269112558126,0.024997156703383636,-0.704544646575607,0.027474783252818696
isobank,imu_only,100,0.507020814229797,0.003647645918129361,-0.039470948017583496,0.006796444837861266,0.6845155080671427,0.010080477713916361,0.48183742238136784,0.0072139904534531864,-0.7497116728567033,0.00815709724165874,0.7037973036792191,0.039415863084951396,-0.6904870508842852,0.02916302536548004
isobank,only_Bounce_rate_6D,5,0.5343008663274483,0.002073856646552122,-0.012190895919932165,0.009484635528505599,0.6584522150555128,0.011654430300544132,0.5531520051683565,0.006244836376701573,-0.7854952287336361,0.006953067214709618,0.5141270058314438,0.05238623122725723,-0.8506411003380661,0.03822223323542597
isobank,only_Bounce_rate_6D,10,0.5262437739408338,0.002025375646512513,-0.020247988306546772,0.00929913406626322,0.6744657258310133,0.011323165052749145,0.5421047332231138,0.007034314502775151,-0.7587541590606804,0.0063272091572320775,0.5684275848861711,0.04892111505352496,-0.7630815939369519,0.029339101071787017
isobank,only_Bounce_rate_6D,20,0.5177654831733304,0.00226010183102034,-0.02872627907405011,0.009462714479550492,0.6878043990796716,0.010509639670249982,0.5232129937524644,0.00893550563660099,-0.7442991854891728,0.006527309560747941,0.6051108877023984,0.05055221251118737,-0.7195271381224645,0.028263490591586678
isobank,only_Bounce_rate_6D,30,0.5138728866490709,0.0024009589094269607,-0.032618875598309484,0.009199544689660754,0.6934308798513704,0.010478203925594466,0.5126393945378491,0.008987122440334333,-0.7431270779220727,0.0065875214410615985,0.6651781567059979,0.040239254213269994,-0.7099522036940872,0.026306731626553604
isobank,only_Bounce_rate_6D,50,0.5102332903357933,0.0024503568139845086,-0.0362584719115872,0.009116665136736023,0.6991232871513453,0.010316344838582988,0.5032594669695605,0.009708216438615531,-0.7424918550643844,0.006813159745143972,0.6386215617405749,0.04197345174058732,-0.714167163681436,0.025838138039310305
isobank,only_Bounce_rate_6D,100,0.5071230729023273,0.002677533684836627,-0.039368689345053144,0.008770267039025356,0.705639379515745,0.010105731650894942,0.4985019780733813,0.010141364404839964,-0.7414555146476276,0.0070216608913325615,0.6410211121301559,0.038370613076185056,-0.7143928752306088,0.022151611238026888
isobank,only_IMU_LatAccelVal,5,0.5070762669759774,0.0010842176087085442,-0.03941549527140302,0.009987112908478899,0.7111528573377763,0.009574232003949691,0.4985496961538514,0.007183343810407981,-0.7954987020044301,0.004631324101340059,0.49687554582824883,0.07034882613859557,-0.8069675130158588,0.02314243722732796
isobank,only_IMU_LatAccelVal,10,0.49678782422169687,0.001446102763682856,-0.049703938025683556,0.008829791376399011,0.7136788187499754,0.00941019812562022,0.46667307608761843,0.005296403986642262,-0.7770497329500994,0.00388363179975091,0.5265000235332878,0.03706106873301246,-0.7698757747741236,0.024973021603355548
isobank,only_IMU_LatAccelVal,20,0.49359472348763267,0.0020118450593936163,-0.052897038759747786,0.008314987960018736,0.7206687322576188,0.008967538998916192,0.4422897903711128,0.005486274819108063,-0.7569922938213376,0.004169273710555181,0.5905550569823295,0.05845426029717861,-0.7159252963544319,0.023541717574309725
isobank,only_IMU_LatAccelVal,30,0.49230576352342137,0.0019574011444467216,-0.054185998723959114,0.008383034616263125,0.7247013898326892,0.009023912924828069,0.4286689818654934,0.006570927396015268,-0.7502930539933045,0.003974976000517752,0.5714735626186594,0.050566237466335526,-0.7097217548194099,0.02235074822282433
isobank,only_IMU_LatAccelVal,50,0.491326881227224,0.00175489804460486,-0.055164881020156445,0.00864470281415496,0.7284020524938453,0.009066412308059536,0.41040796640072186,0.007945910783145443,-0.7434240109216993,0.0036376308611617766,0.577525243321513,0.05031832982581106,-0.7004307628647085,0.022477634082847375
isobank,only_IMU_LatAccelVal,100,0.49074714010933046,0.0017116278339525464,-0.055744622138050016,0.008561064229166571,0.7310880543602104,0.008820340603487865,0.39110670453462903,0.008366372202941577,-0.7367731244442411,0.003183850109374787,0.5870263911775655,0.048571937672989444,-0.6951646504310813,0.02117758075536483
isobank,only_IMU_LongAccelVal,5,0.5173485637539754,0.00488416177967467,-0.029143198493405076,0.005692450959110221,0.6450515269806912,0.009430470797989005,0.5186433036863491,0.005557997177653044,-0.8127225073085388,0.008447144251880043,0.5638459536181825,0.06795562590476617,-0.7789225722949352,0.04552240070252138
isobank,only_IMU_LongAccelVal,10,0.5129638445599795,0.005082562957425005,-0.033527917687401015,0.005380046625783272,0.6490690914274874,0.009468472543833158,0.5113264586601698,0.006902733036165261,-0.7874186165902147,0.009350825352131184,0.5835647211152953,0.05675968755674094,-0.7652543305948949,0.04558890992059226
isobank,only_IMU_LongAccelVal,20,0.5095571202914719,0.0046103726379162074,-0.03693464195590858,0.0058041263451633855,0.6559770982534985,0.009351815257907495,0.49881354181278575,0.006055578849178329,-0.7671450044113342,0.008395095442823311,0.600186271612895,0.03749583991741194,-0.7578188993319728,0.0447773724727371
isobank,only_IMU_LongAccelVal,30,0.5085885993450658,0.004471884999650712,-0.0379031629023147,0.0059940566755382445,0.6596945607025437,0.009268190176778959,0.4947798282661638,0.006718414925541251,-0.755070621753376,0.008657039321029002,0.6200910319282671,0.04133355109528549,-0.739087789597533,0.044898748898485046
isobank,only_IMU_LongAccelVal,50,0.5057834033135357,0.004534570123728149,-0.04070835893384481,0.005858668396576602,0.6662444564736274,0.0094759926706675,0.47997785367793,0.007145937217911977,-0.748946571559618,0.008479893257087983,0.624827064046005,0.04031581172966685,-0.726296156406108,0.03268754431879761
isobank,only_IMU_LongAccelVal,100,0.5015103624615806,0.004423563004646701,-0.044981399785799805,0.005953449753075797,0.6758562791370575,0.009491569831327375,0.4571136703516735,0.00724332368338456,-0.7489636387588132,0.007941704018226681,0.6095885505410494,0.047797638492037574,-0.7075753039196766,0.028829362026153965
isobank,only_IMU_VerAccelVal,5,0.5285706317676795,0.003217576130213975,-0.017921130479701043,0.008501946339608121,0.6628558182947553,0.011289950087314258,0.5388097229423734,0.0062977170403920755,-0.8049279770627316,0.008643840966899704,0.6476260877934437,0.04463187027112969,-0.763370999378856,0.033376146312825164
isobank,only_IMU_VerAccelVal,10,0.5222194525430865,0.0032159780772874212,-0.024272309704293903,0.008472641380893075,0.6784990503087078,0.011311219660408501,0.5310825027786488,0.007795160745516595,-0.7807630964155231,0.009689905943652613,0.651300862942384,0.048775742302743584,-0.7241892903692471,0.030429549020541354
isobank,only_IMU_VerAccelVal,20,0.5144128598309184,0.002848719643425216,-0.03207890241646204,0.008525577456787734,0.6900243010222138,0.010865002810441261,0.5157724760907962,0.007883593306442878,-0.7641630829169981,0.008507833879228249,0.6561418608460057,0.04915178310332477,-0.7057664015361353,0.024527103646300126
isobank,only_IMU_VerAccelVal,30,0.5107782686586899,0.0031578653615737832,-0.03571349358869054,0.008251422220944132,0.6948322137961391,0.010699340809866528,0.5056636192131306,0.008584628787654668,-0.759104754243096,0.008582206829533447,0.6442389762606024,0.029588483628109678,-0.7099438320040988,0.023660232730941488
isobank,only_IMU_VerAccelVal,50,0.509253452840975,0.002844078206203211,-0.037238309406405413,0.008331366596499648,0.7003258329494801,0.010338365849269124,0.5025141151807603,0.008296446114720024,-0.7510594778870859,0.00806874429365869,0.6365544605988913,0.043212580401375336,-0.7158523991440151,0.018933166880980064
isobank,only_IMU_VerAccelVal,100,0.5066184970067729,0.0027537223144636766,-0.03987326524060766,0.008435627223599024,0.7067227738578543,0.010113636867373762,0.4973854102137656,0.009087391931174207,-0.7453525954824329,0.007354076934355586,0.706510553118026,0.03985517079987201,-0.6946413235260891,0.022655838057819726
isobank,only_Pitch_rate_6D,5,0.5183020085614162,0.003073977479954009,-0.028189753685964304,0.008956507816823956,0.6462616649222183,0.012428681468278645,0.5212780847968681,0.007605110873336523,-0.8093225968288282,0.008563304990272089,0.5996158390368475,0.02791047332658393,-0.7519350784247198,0.0339518860316956
isobank,only_Pitch_rate_6D,10,0.5127827457189555,0.0027472138520362364,-0.03370901652842488,0.008766314982689273,0.6609035028668895,0.011988455178348392,0.5099588704047314,0.008531701821602925,-0.7841240942881511,0.008686726555923223,0.6597114078906126,0.028988212137948822,-0.7106605142682577,0.02424369395687178
isobank,only_Pitch_rate_6D,20,0.5086636283103034,0.0025763992955917707,-0.037828133937077055,0.008910150123466137,0.6733925723264014,0.01159171322746683,0.49811435811238897,0.009271670916332042,-0.7638906660666357,0.007973170828692066,0.6047614876572319,0.028960638113067205,-0.7279862142183822,0.017812447230222624
isobank,only_Pitch_rate_6D,30,0.5068421751442151,0.002422223967719965,-0.039649587103165344,0.008991735835855757,0.6793558583407077,0.011341148692949657,0.49262992720616855,0.009342943648151907,-0.756067622914397,0.007688185717822892,0.5906326608291933,0.04889719620682814,-0.7309805914900809,0.020008595774453884
isobank,only_Pitch_rate_6D,50,0.5037469655826302,0.0023927821907649134,-0.04274479666475019,0.008834415719999832,0.6852445588674424,0.011025946281454126,0.48028172839605066,0.009239586542059855,-0.7534526067761336,0.0074676953869468555,0.6068126756846383,0.03812942776603602,-0.7341681155383315,0.017128790158461114
isobank,only_Pitch_rate_6D,100,0.500162839902259,0.0025001325756559517,-0.04632892234512148,0.008672367335303901,0.6930709641383699,0.01086604832909637,0.4691678499164242,0.009829885198796923,-0.7528727808088751,0.006755101702092984,0.5883703867480796,0.041532086551838904,-0.7291779445984942,0.01997536960148612
isobank,without_Bounce_rate_6D,5,0.5394858626256419,0.0026638905579839346,-0.007005899621738499,0.008365593525145673,0.600333527767392,0.013524766369456006,0.5620049590294662,0.0063990705756369086,-0.779699564513082,0.007893355877517409,0.6215051899413137,0.03026188023715363,-0.7281555619145748,0.02859840442246194
isobank,without_Bounce_rate_6D,10,0.5283918150539877,0.0033637044710948818,-0.01809994719339274,0.007428558627587022,0.6232505737557184,0.012536447789204675,0.5482170393004921,0.0070683827935018855,-0.7665855368867704,0.009072117339414385,0.6098364836510828,0.035716523037695486,-0.711268970485964,0.030176432384886244
isobank,without_Bounce_rate_6D,20,0.5188975769874783,0.0033902424506474446,-0.027594185259902204,0.0072004825312576405,0.6439510171780018,0.011831974630683995,0.522151332718709,0.0070733066019844784,-0.7579354792740991,0.00821294326361231,0.6251918263168799,0.020701544338331084,-0.7063988424607998,0.022918498488262894
isobank,without_Bounce_rate_6D,30,0.5157958272658684,0.003395257158371526,-0.030695934981512053,0.007248897287635586,0.6542002740106151,0.011326465647678528,0.5124870333523054,0.007600531721618813,-0.7545769678122514,0.008277245805601198,0.6541802041762904,0.03112615790149951,-0.7020782259144186,0.02055549685346813
isobank,without_Bounce_rate_6D,50,0.511870534972752,0.0035757027344620117,-0.034621227274628366,0.007034834770791328,0.6645516340875024,0.010933762484593048,0.4992089815804511,0.007805008365703071,-0.7527692656650676,0.00836811868713754,0.6397904986955967,0.022294015395050902,-0.7036547934414897,0.023253395969488853
isobank,without_Bounce_rate_6D,100,0.5071188177136643,0.0033784208270226227,-0.03937294453371614,0.007258896942676482,0.6763520511004039,0.010663580772603086,0.4830740758782034,0.008510751694509646,-0.7519476130526582,0.008041020333371772,0.6442144887193445,0.0398709616703246,-0.6932649001661175,0.027486263765616296
isobank,without_IMU_LatAccelVal,5,0.5415062206350647,0.002778938070021537,-0.004985541612315791,0.008439103771600294,0.598003682073867,0.012630569144851942,0.5628730589609343,0.00773085839924668,-0.7797337511843221,0.009732739928810867,0.551109494096554,0.03802826595037627,-0.7771938561199828,0.030306280003416366
isobank,without_IMU_LatAccelVal,10,0.5284966013452501,0.002846085086745359,-0.017995160902130315,0.008018648475660013,0.6205200475461614,0.01208645547058429,0.5438568159597981,0.007942685939503077,-0.7738360757764295,0.010615312348658614,0.5945971911962167,0.0243368262674327,-0.7372303374447655,0.02654821532708626
isobank,without_IMU_LatAccelVal,20,0.5185497500946303,0.0029868515170045577,-0.02794201215275007,0.007694049353350852,0.640242559497835,0.011560064822927344,0.5196547830741107,0.007990826114969877,-0.7681029559453374,0.009963900201381843,0.6091809878235136,0.04197555637438885,-0.724605795201327,0.031484998641740286
isobank,without_IMU_LatAccelVal,30,0.514519373361971,0.0031572455110072954,-0.0319723888854095,0.00751181588100968,0.6489572928599399,0.011155566251560703,0.5077804967356121,0.007814873627113382,-0.7630039227872577,0.009414173723751225,0.5858966437103155,0.0364295725863808,-0.7159167511755689,0.02810350606514914
isobank,without_IMU_LatAccelVal,50,0.5101454207640783,0.003502263506254218,-0.03634634148330219,0.0072515214316354855,0.6603614771193751,0.010817597808468157,0.4944325182735373,0.008667791914979696,-0.76009550655536,0.00936989692144318,0.5674533932368246,0.036551823756120455,-0.723967202108065,0.025717823873092762
isobank,without_IMU_LatAccelVal,100,0.505602244486451,0.0036790560116937462,-0.0408895177609295,0.007114383876116676,0.6734317143821098,0.010463065051438744,0.48028345576669346,0.009382534937480383,-0.7585116712654301,0.00926902557438173,0.5946319760473371,0.04865355963971956,-0.7122422197396003,0.02677559083422328
isobank,without_IMU_LongAccelVal,5,0.5454916937235268,0.0020571606168207895,-0.0010000685238535812,0.00998115851694091,0.6077586980291645,0.015017441317598216,0.5745191832176241,0.008072672551950167,-0.7680051571908704,0.008465691177037764,0.6546221973136228,0.041315172325634336,-0.749069019411991,0.03485065640206982
isobank,without_IMU_LongAccelVal,10,0.5324930513315195,0.002229906692088854,-0.013998710915860923,0.00883314342190896,0.6368575123614679,0.013316904783995106,0.5570771981040932,0.007109714634496145,-0.753598869429599,0.008111036819861972,0.6420752292822978,0.04823289623252733,-0.73083808956708,0.0394949922596509
isobank,without_IMU_LongAccelVal,20,0.5232030517148022,0.0023853965385691126,-0.02328871053257826,0.008903555794984662,0.6577333320138674,0.012368588351866551,0.5372448703444307,0.007947722023218863,-0.7438018899510546,0.0075565246158076724,0.6263107357650369,0.040240890484546,-0.7261029703001679,0.02851312398511254
isobank,without_IMU_LongAccelVal,30,0.5194489363186887,0.002325912123420529,-0.027042825928691793,0.008795250259454533,0.6696452899836353,0.01180050635821001,0.5279787612335095,0.008060071029657057,-0.7421629243036858,0.007134819226450028,0.6355250109451587,0.03754809621703908,-0.7065612508348675,0.023253376290237358
isobank,without_IMU_LongAccelVal,50,0.5140372425121493,0.002515758965680346,-0.03245451973523119,0.008716467628171716,0.6793068567577414,0.011315279447725307,0.5122603785392289,0.008583776668892233,-0.7435912591238567,0.006601640855604236,0.6314638920701436,0.04051239562609003,-0.7075352314134418,0.02451338770168636
isobank,without_IMU_LongAccelVal,100,0.5103076611733096,0.002441445258931991,-0.036184101074070975,0.008740389162226843,0.6914970951778873,0.01070005881385063,0.5028543469356795,0.009190226887077345,-0.7403588799846361,0.006496927904593151,0.6486876380742983,0.03329488862315723,-0.7001131449380006,0.02209117148440057
isobank,without_IMU_VerAccelVal,5,0.5376903005112086,0.0024180567354138366,-0.008801461736171957,0.009230657941970232,0.5956616593755986,0.013292454985651899,0.5577095803413186,0.007698757367441762,-0.7849693256981269,0.008813627354080185,0.6100574571823063,0.030446437898289856,-0.7624036412591075,0.026698421997175925
isobank,without_IMU_VerAccelVal,10,0.5277834419150329,0.002954836576522223,-0.018708320332347518,0.007975415531121062,0.6217764448987546,0.012190835688242285,0.5442953977958684,0.007144450443825676,-0.7676711791918125,0.008746569033849736,0.5941390077980692,0.02194155958795201,-0.7508886475474669,0.029537190259082205
isobank,without_IMU_VerAccelVal,20,0.5204040470806388,0.003169424046434102,-0.026087715166741653,0.00769476620614404,0.6412796774463063,0.011446625879119763,0.5261988011653145,0.00809085138130344,-0.7535849181295967,0.008314676191977956,0.617053027282585,0.024651921332152073,-0.7206726056879792,0.025261510689800596
isobank,without_IMU_VerAccelVal,30,0.5164482927459959,0.0033623521883457837,-0.03004346950138459,0.007501722536941633,0.6517297621932736,0.011179967349651952,0.5144161283716103,0.008523190826522305,-0.7514572037269227,0.008640165903809083,0.6035755511683855,0.025606493115188964,-0.7191713943855322,0.025473587558075664
isobank,without_IMU_VerAccelVal,50,0.512652836704556,0.003417780155974282,-0.0338389255428244,0.007400532745527056,0.6627476719673002,0.010770414149402571,0.5018227068179676,0.008902786134948472,-0.7505504008093935,0.008369124680134161,0.6117048908330955,0.038452447060709674,-0.7126679620006803,0.026497387272838777
isobank,without_IMU_VerAccelVal,100,0.5074407408174184,0.0034210330492486837,-0.03905102142996213,0.007461128941521403,0.6751846315201544,0.010575797840525477,0.4848751070964449,0.009558875958909353,-0.7518036303209149,0.008282442604126002,0.6167370455624901,0.04206518657842358,-0.7053362810946056,0.023958369336770476
isobank,without_Pitch_rate_6D,5,0.5425628526639388,0.002332664332771325,-0.003928909583441609,0.008603748489715454,0.60448919318005,0.012806890795865233,0.5676465945594344,0.006109679043808373,-0.7708757502505236,0.007301478441015464,0.6375086209428654,0.04972164742544531,-0.7324248550492023,0.043568790084004064
isobank,without_Pitch_rate_6D,10,0.5326926180850486,0.0028596734134972357,-0.013799144162331755,0.007726942272221133,0.6293099040575729,0.011579964569028146,0.5565288149605474,0.006412809611463485,-0.7567495358421705,0.008524136608866141,0.6607464645385968,0.047863258342382496,-0.7036534343368752,0.03177314998169236
isobank,without_Pitch_rate_6D,20,0.5228828181074797,0.0033709602261294755,-0.023608944139900744,0.00725164244764162,0.6485012066226898,0.011005222950412813,0.5338213941176523,0.007349730442530853,-0.7497024440552631,0.008665254255849844,0.6515412925077372,0.012650090466728738,-0.6963143504274977,0.02474003587512158
isobank,without_Pitch_rate_6D,30,0.5188408734149348,0.003469258835432362,-0.02765088883244563,0.00713650395284399,0.6580751224025,0.010887224588644162,0.522572235532489,0.007492817351962142,-0.7486873597940656,0.008261266691397456,0.6616797630688463,0.021962079937945345,-0.6849155703607193,0.029179894566767305
isobank,without_Pitch_rate_6D,50,0.5141859983061197,0.0035416724083213694,-0.03230576394126082,0.007125911056078945,0.6675902705086678,0.010586753929464968,0.5075043671452618,0.008233620799308164,-0.7502348319278449,0.008784986113165994,0.667598190873629,0.04834518909009228,-0.6900655338420388,0.03031124518250096
isobank,without_Pitch_rate_6D,100,0.5093735073392616,0.0033454453112219335,-0.037118254908118854,0.007295157508921601,0.6814349865457243,0.010315694975114495,0.4914412790757372,0.00856361209964011,-0.7501321134064309,0.008312930392536716,0.6899840874658281,0.04988400211844912,-0.6905980997763463,0.028936401999994647
pca,full,5,0.5392327586942914,0.0026965440819407163,-0.007259003553089072,0.008327392103057897,0.5645487089449273,0.011958848196483287,0.5656271570208372,0.005498195479339604,-0.7623109553985297,0.006605404732874535,0.6201469204519364,0.055280397508264,-0.7292255295998122,0.043889982251888796
pca,full,10,0.5296273125987264,0.002205179806731425,-0.016864449648654002,0.008525084691955257,0.5901247800915135,0.011431255824395749,0.5579978298391073,0.0058685044874809056,-0.7374530950755638,0.005956017502321343,0.5850479027468143,0.0700109931061647,-0.7258027556442749,0.043844615745037466
pca,full,20,0.518211085991737,0.002584082124117828,-0.02828067625564351,0.00807451328242097,0.6069758999296033,0.011503657095648013,0.5335112140210648,0.006754445527330259,-0.728272787653256,0.006107010845398742,0.6029795739440453,0.07018708908542409,-0.6981013294763803,0.034330319223153404
pca,full,30,0.5125607851299298,0.002670669840871779,-0.0339309771174507,0.007944879106212527,0.6174274897057836,0.011570742755021632,0.5151348202235291,0.007309282194924811,-0.7270148961932902,0.006073642537071418,0.5558431544481304,0.05834847714322768,-0.7017900070497182,0.030038950773776645
pca,full,50,0.5078998460173332,0.002767291731475162,-0.038591916230047346,0.007761421421344853,0.6288100921799563,0.011474318206733326,0.49543662735163607,0.00796473795131134,-0.7246390361434122,0.005748108171675673,0.5518112640056173,0.058009014959667995,-0.7038400051358802,0.02753223687718875
pca,full,100,0.500749197311681,0.002983299525252181,-0.045742564935699406,0.0074955120082136955,0.6426649431382603,0.011496473190782747,0.4514996631533414,0.0081493626784529,-0.7287923714001036,0.005677347274103981,0.5386733505009202,0.056377394618785964,-0.7069049061439584,0.018578019661467233
pca,imu_only,5,0.5402377332425435,0.003176398089118881,-0.006254029004836947,0.007930285585287437,0.5375861006121707,0.012655793227484839,0.5685148462373931,0.005373214495433823,-0.7555295801132471,0.0057837461329181905,0.5823320238650546,0.07700937842764104,-0.7468587641318056,0.08180200447116039
pca,imu_only,10,0.5299260089068237,0.002789554621899785,-0.01656575334055673,0.008036732115045615,0.5584720234978334,0.01210569137371257,0.5617533793662546,0.006292411157305397,-0.728572748930093,0.005467450885713122,0.5862163086844986,0.07808910460119427,-0.730122820127873,0.06197662933616374
pca,imu_only,20,0.5211612276250428,0.0030376675176641455,-0.02533053462233762,0.0074735539204630165,0.5783799142261283,0.011907064647915647,0.5464184014269369,0.006416176626798029,-0.7139638037956604,0.005292430466413833,0.6051702787090922,0.08010141379132223,-0.6911341739572117,0.04418041939732714
pca,imu_only,30,0.5171164297361669,0.0030261302169632344,-0.029375332511213593,0.007498553565603044,0.5865267380660747,0.01200908738617409,0.5335252098516899,0.00729605479499367,-0.7118878839307785,0.0053436360378933965,0.6123372351539195,0.08160853778912705,-0.688977378912474,0.04021903242910713
pca,imu_only,50,0.510903394583164,0.002931112872516362,-0.03558836766421653,0.007498097608256831,0.6004741432640376,0.012171216846065187,0.5081235086202518,0.007356602169922421,-0.7143509627163779,0.004944368101876044,0.5841953442091591,0.07196377916028757,-0.7020416414347312,0.03420119900157387
pca,imu_only,100,0.5048127245702789,0.0029333006276322207,-0.04167903767710167,0.007429964270790066,0.6186748354932464,0.012084604136221335,0.4706844587536752,0.007319899117210777,-0.7172254807165153,0.004835679300343887,0.5713537867940677,0.05357535379151856,-0.6947724934021188,0.022504469634562065
pca,only_Bounce_rate_6D,5,0.5305232260350252,0.002548907449146826,-0.015968536212355177,0.008220188421576942,0.6393986572693615,0.01258774392629292,0.5482406860325229,0.004552172759854371,-0.7828810552288333,0.006325033173726789,0.5834434662683836,0.07051493807173556,-0.759733004768416,0.05023131330427352
pca,only_Bounce_rate_6D,10,0.5169761004383926,0.0032424873202461365,-0.02951566180898797,0.007768630427193995,0.6642604925190272,0.011731072016275733,0.5234388632410448,0.006078096832043639,-0.7699865514777853,0.007434527754746905,0.6298643217310189,0.05124523130804975,-0.7193465111185842,0.04086181343509592
pca,only_Bounce_rate_6D,20,0.5093641745628252,0.003172700392358577,-0.03712758768455515,0.007693528207480642,0.6824176728798793,0.011021520332541576,0.5028532248792663,0.006634401703765006,-0.7581165241434833,0.007256075325093703,0.6130012971068763,0.06733697431998828,-0.7018943037521417,0.043496598323977564
pca,only_Bounce_rate_6D,30,0.5058456267994147,0.003427371516063144,-0.04064613544796587,0.007527983692671123,0.6895512829111471,0.010731446666011016,0.4893680042248752,0.008191610903168767,-0.7540763990477638,0.007266853285143616,0.6439527142774342,0.0564486032796693,-0.6938096860993901,0.04245286974868809
pca,only_Bounce_rate_6D,50,0.5015332550118794,0.0035172884187844393,-0.044958507235501086,0.007428696270860945,0.6961664334546984,0.010513938564935703,0.4694129386228398,0.008934129422929269,-0.7510507972864888,0.007175341323457959,0.674438364076888,0.0451515660810692,-0.6863620027387058,0.03514502300141605
pca,only_Bounce_rate_6D,100,0.4983381677487609,0.0035038521677110183,-0.04815359449861953,0.007223549596545725,0.7033388427928546,0.01042871196877812,0.4454434550277705,0.008607182065451045,-0.7462262895469527,0.006891868795151156,0.6736114654427251,0.048843081990426786,-0.6832679834262914,0.024818952388510097
pca,only_IMU_LatAccelVal,5,0.5229991330779629,0.002917943641393617,-0.023492629169417543,0.00848551503960269,0.657684663747825,0.011548006350947366,0.5284696582890206,0.006600348338526444,-0.7861870305391413,0.006935695247962715,0.5470550488558448,0.04909966904422843,-0.7606616362204534,0.043099130988281394
pca,only_IMU_LatAccelVal,10,0.5140938337344023,0.002313908081470637,-0.03239792851297818,0.008757700949429128,0.6838933849872186,0.0104959612046279,0.5097419045441424,0.008194654237813861,-0.7549686904636819,0.006356373348963047,0.5726814695600967,0.07056920659425835,-0.7091698305150165,0.03563160226060367
pca,only_IMU_LatAccelVal,20,0.5045908244888591,0.0021287051959581462,-0.04190093775852152,0.008519635905124431,0.7023592978920989,0.009611296374657503,0.4791152436892718,0.008257584748398914,-0.7462489722260888,0.005193989507252047,0.5781249017097352,0.07093287831970876,-0.7004614755749107,0.038968461114701265
pca,only_IMU_LatAccelVal,30,0.501683382704303,0.001969323976138403,-0.044808379543077495,0.008501907109859222,0.7116138468029714,0.00955533812109785,0.4685392798119966,0.008762735091622193,-0.7408310792351394,0.004616636931667257,0.5518675733298557,0.07783054573252289,-0.7019884480122516,0.03222747775802241
pca,only_IMU_LatAccelVal,50,0.4992054905155857,0.0022042487791961367,-0.04728627173179467,0.00820547514959032,0.7185931722349249,0.009322793136004218,0.4549720846058598,0.008315242697671726,-0.7358417671444308,0.0044395628017529195,0.5897787223169634,0.04871824263714994,-0.6911234975176782,0.025228343793316597
pca,only_IMU_LatAccelVal,100,0.4958204796716288,0.002002390862288779,-0.05067128257575165,0.00832768673109682,0.7260520409003587,0.009408137754237638,0.428340099444973,0.009643069409165603,-0.7345107925055773,0.003890397686704765,0.5759485027024625,0.06602281594793145,-0.6899386102576038,0.01951868762214386
pca,only_IMU_LongAccelVal,5,0.5465069006294031,0.005961606707199672,1.5138382022672481e-05,0.0066462815899532325,0.500427246235212,0.01361798295335562,0.5747980037753277,0.008233820992010104,-0.7622197248582869,0.007939505805248333,0.5081940183286565,0.05311709413270926,-0.7919070092738085,0.03626833777726945
pca,only_IMU_LongAccelVal,10,0.5377862058017537,0.005472494385282648,-0.008705556445626705,0.00649873574334621,0.5166464215172712,0.013746207502556196,0.5733095242878837,0.00910898942892598,-0.7398305176475473,0.007359247524545081,0.5211945255010869,0.06490906034020864,-0.7496784384413575,0.04284578351761377
pca,only_IMU_LongAccelVal,20,0.5302598203573103,0.005452913885916515,-0.01623194189007013,0.006341729921408289,0.5363377742593557,0.013857271606129366,0.5644743587358831,0.011088522171484606,-0.7191988140359545,0.0070320169495001845,0.5611446190876712,0.056345761775833676,-0.7108549227388399,0.0338464382613473
pca,only_IMU_LongAccelVal,30,0.5242195982387712,0.005237051855352298,-0.022272164008609256,0.006265992463588028,0.5458780846985131,0.013647392381955996,0.5479531399916979,0.012137605547101835,-0.715382521892953,0.006389386580713186,0.5320736221043557,0.06735925430745589,-0.7034007674856161,0.03149001442863506
pca,only_IMU_LongAccelVal,50,0.5190591545045147,0.00471132565338137,-0.027432607742865812,0.006551203027763705,0.5590958707281016,0.013527755100172388,0.5330484173712178,0.01362635857283416,-0.7110318364574992,0.006350728523931663,0.5209864301199353,0.04772949294618564,-0.6992575749230481,0.02484909012903896
pca,only_IMU_LongAccelVal,100,0.5101919627288749,0.0038243718708983986,-0.03629979951850564,0.00701467382491296,0.581999856801297,0.013137537562712551,0.49061143871822965,0.01430153322617161,-0.7151756988262934,0.005673818146500658,0.511807086856284,0.04923491884656654,-0.701013202362356,0.022459188807501355
pca,only_IMU_VerAccelVal,5,0.5339309349399136,0.0020509562946076395,-0.012560827307466837,0.009287400108168174,0.6409054317514287,0.01190799705139749,0.5528849947702164,0.0060184233244638344,-0.7770103738755703,0.007190908039933503,0.5936112704573141,0.07967953044749587,-0.7450983857145796,0.06167712476686534
pca,only_IMU_VerAccelVal,10,0.5235749757824567,0.002598902011001701,-0.022916786464923677,0.008469984586607549,0.6607879207979742,0.010927822048483134,0.5365564425289262,0.006628489997489219,-0.7599155595497403,0.007552297290479357,0.6182028157473547,0.06795505721670822,-0.7191649426886958,0.04558607081113541
pca,only_IMU_VerAccelVal,20,0.5161592222087834,0.002815976853379453,-0.030332540038597,0.008183502897487404,0.6770832166582983,0.010619835120688861,0.520386059047131,0.0075646111489486995,-0.7454682412836972,0.006908064126837462,0.6702688712512705,0.0489724915487969,-0.6870142546871417,0.04187838805247714
pca,only_IMU_VerAccelVal,30,0.5124677943060874,0.002770272830564483,-0.03402396794129311,0.008034837494090067,0.6839315516960851,0.010491929778693938,0.5098701453934292,0.007514092306811228,-0.7422803853922046,0.006234558723722522,0.6735997240574239,0.044919479962744896,-0.6863296391080741,0.034326821386933784
pca,only_IMU_VerAccelVal,50,0.5066007285613157,0.002969132969120966,-0.039891033686064795,0.007768862912289518,0.6907356655659838,0.010466579559363887,0.4879753431560343,0.008229377708776513,-0.7437602440698533,0.006148417246835014,0.6572654472806441,0.048063680358566827,-0.6945305630810148,0.031674804292351276
pca,only_IMU_VerAccelVal,100,0.5018262353369964,0.0032093053861512156,-0.04466552691038403,0.0074163379242577895,0.6998380930711274,0.010288261170389562,0.4624455478686066,0.008525035694506538,-0.7439161586789533,0.006432895695165668,0.6298485340573794,0.05463035671858455,-0.6924386791367269,0.02641764538223545
pca,only_Pitch_rate_6D,5,0.5260503329613873,0.0013720623184158732,-0.020441429285993185,0.010128540173315354,0.6523588605158444,0.011603973556794267,0.5366718762952908,0.006789577090554753,-0.7917805250036499,0.006773364045360545,0.5565237291149263,0.06933758359850349,-0.7718362208692098,0.05087620591976659
pca,only_Pitch_rate_6D,10,0.5150420218586411,0.001959424175753012,-0.031449740388739336,0.008957521619467803,0.6700915386882531,0.011189262417333104,0.5166798389661293,0.00557151959405769,-0.7737453844727266,0.0063476968680347984,0.5552663209460691,0.06949169778607611,-0.7408735503660339,0.031289893718725065
pca,only_Pitch_rate_6D,20,0.50561172583849,0.0022395161455608906,-0.04088003640889036,0.008730889160057142,0.6839438382708839,0.010953396085337203,0.4926754621523024,0.00670536436480338,-0.7635228271382593,0.006575118316167629,0.5753257245434599,0.06634057942985858,-0.721179337239849,0.03563160878240608
pca,only_Pitch_rate_6D,30,0.49923188610370905,0.0027626401456882447,-0.047259876143671414,0.008216293973563833,0.6910553167324639,0.010591677187090844,0.46995588009285016,0.007100646869505644,-0.764405904481106,0.006703528320596293,0.5997259171886886,0.08518968162070924,-0.7092198352549823,0.03250412900787047
pca,only_Pitch_rate_6D,50,0.49548988392200083,0.002807193879565856,-0.05100187832537967,0.008060008170073277,0.6964500315859377,0.010695141397731998,0.4483716907916283,0.007422141222617096,-0.7583226238603397,0.006455732645743142,0.5714346677237738,0.0802934901055551,-0.7053432904864998,0.029073733301109152
pca,only_Pitch_rate_6D,100,0.4916386230870091,0.0029437899372374166,-0.054853139160371364,0.007804882696753933,0.7024660538420243,0.010525054135232597,0.4182275444234029,0.008013259934328025,-0.752896884006854,0.006149496125367325,0.5422985058928442,0.06971647893705302,-0.7127289833557537,0.021046715819302085
pca,without_Bounce_rate_6D,5,0.5400104396646854,0.0026471263365312548,-0.006481322582694982,0.008293143713529677,0.5488429982312574,0.012386742620183864,0.5688230139462236,0.0047480366095889615,-0.7578405454529762,0.004691296195191368,0.5655503687455786,0.07819612686716629,-0.7708978386640105,0.06443078246771884
pca,without_Bounce_rate_6D,10,0.5271725165200454,0.0021565933478540833,-0.019319245727335076,0.008503972701151665,0.5734071847237019,0.011908141737371546,0.5544900503333213,0.005357279124549436,-0.7372269824569984,0.005541032495676896,0.5790071467357872,0.07045018687068112,-0.7371382176589989,0.05973078301702276
pca,without_Bounce_rate_6D,20,0.5160996641500939,0.0024827597219736833,-0.03039209809728659,0.008162545241019793,0.5905282186763621,0.011876771041345081,0.5303301006119968,0.006373536935905662,-0.7263710692642054,0.006162466666432477,0.5828585004336558,0.0715414828722343,-0.7107547138015062,0.047123627256474114
pca,without_Bounce_rate_6D,30,0.5116986234820808,0.0025211809877135317,-0.03479313876529957,0.007930325454601388,0.6001512059669943,0.012105160797472729,0.5162297257402768,0.006068289882764361,-0.7226200011587325,0.005202676381948102,0.5794010791204867,0.07154947681515005,-0.7141865838317824,0.04132173546895336
pca,without_Bounce_rate_6D,50,0.5070054485398516,0.0025552859508026597,-0.03948631370752885,0.007842693818662084,0.6112548951384462,0.012167480655019002,0.4958311451443212,0.006834145617963842,-0.7202156518180746,0.00482796950014677,0.5714715872588537,0.05975513687745787,-0.713580340305683,0.03451666742621028
pca,without_Bounce_rate_6D,100,0.5016661233023679,0.002455549765999154,-0.04482563894501256,0.007879472843442705,0.6291027123309983,0.012038668061222585,0.45915557360270115,0.007019453114912964,-0.7200341145290131,0.004228026746269609,0.5608421684823297,0.05239683166979709,-0.7044695654039229,0.01999970399270535
pca,without_IMU_LatAccelVal,5,0.536513651484967,0.003239340507429237,-0.009978110762413473,0.007943697494529165,0.5594474130420375,0.012501079821082868,0.5608042372107789,0.006067891769214867,-0.7645605974934079,0.007218290852285332,0.6132186544755571,0.05890909866740515,-0.7341217466606584,0.05364021533009034
pca,without_IMU_LatAccelVal,10,0.5280687016020241,0.0032553071934843664,-0.018423060645356294,0.00784300040493346,0.581634208975139,0.01242643735663701,0.5538878312602318,0.00689451266885305,-0.7410294150227701,0.0074123864822499014,0.6045689194762677,0.060214294885582144,-0.726626124031194,0.03693718879857688
pca,without_IMU_LatAccelVal,20,0.5190856922079476,0.003330567446573032,-0.02740607003943283,0.007421348450809599,0.598869986709819,0.012477753624689787,0.5369121294583348,0.007532944096232864,-0.7274779960741855,0.006639090217601612,0.5921227699708604,0.060489687006547416,-0.732495899893597,0.036022561171930936
pca,without_IMU_LatAccelVal,30,0.5136830991215855,0.003264416263681864,-0.03280866312579502,0.0074484998943917585,0.6090412121632924,0.012341669792795324,0.5199997540744837,0.008381860866362436,-0.7261492014279243,0.006757828330426631,0.5735516713627533,0.057166462199577,-0.7224975253344064,0.02662015904264393
pca,without_IMU_LatAccelVal,50,0.5087847847613913,0.0031854485436092262,-0.03770697748598911,0.007308398096918298,0.619554200587162,0.01227216184595909,0.49796175173611135,0.007894469743894315,-0.7238321401073762,0.006007571272729225,0.5745424709726843,0.06672019793161559,-0.7143261466262081,0.022206689024816397
pca,without_IMU_LatAccelVal,100,0.5025462671353376,0.0032560132538019637,-0.04394549511204292,0.007176849934879861,0.63420828559501,0.012224144010968324,0.461450260771415,0.007927844206069911,-0.7261618862322204,0.005854760784838109,0.5625128316848318,0.05799387656048316,-0.7034628434295671,0.016189548251518217
pca,without_IMU_LongAccelVal,5,0.5288522543041112,0.002294435176542387,-0.017639507943269184,0.00916376186175703,0.6370244430621714,0.013153500143502753,0.5457348074740582,0.005937967706379285,-0.7891318419270701,0.0064467051306683005,0.6000668198961157,0.06321803559884237,-0.7499331189873761,0.04846513844718801
pca,without_IMU_LongAccelVal,10,0.5193524629433642,0.002354885157857084,-0.027139299304016172,0.008838439828091542,0.6636967860629284,0.011960438930510298,0.5320594258276048,0.00667095883134921,-0.7697827345149056,0.006841828520410047,0.5884983923497116,0.05100679054223996,-0.7332087385943282,0.032848150941415515
pca,without_IMU_LongAccelVal,20,0.5111155533634176,0.0023564891617286355,-0.03537620888396288,0.008527246481629112,0.6791241597299594,0.01107474111793612,0.5098505108737781,0.006643734779636353,-0.7551625021125149,0.006499104101624318,0.612023958144085,0.07070444924500735,-0.7014561034063339,0.03175218071502254
pca,without_IMU_LongAccelVal,30,0.5068618423398932,0.002694044228409727,-0.03962991990748726,0.008328004213995654,0.6847619764393115,0.011048419399491095,0.494134923977557,0.007634445925802907,-0.7501048133449367,0.006650980096880525,0.600767829444828,0.07138107375134498,-0.7044091114295362,0.028592073495561504
pca,without_IMU_LongAccelVal,50,0.5021818871833118,0.003041176363313925,-0.04430987506406851,0.007946246121300956,0.690640442869401,0.010994331773893702,0.4731234873853049,0.00891072039601819,-0.7466340504957074,0.006529201843002132,0.5859040822849539,0.06399513064525421,-0.6980436454407356,0.026233374498879993
pca,without_IMU_LongAccelVal,100,0.4987632138059535,0.00308950783201101,-0.04772854844142698,0.007637680931762368,0.6943883398634484,0.01102825106774172,0.4509341526692424,0.00886031376927632,-0.7410684966806664,0.0062307067184360024,0.5859051172021551,0.06366548345112572,-0.689191373371692,0.023323203897230447
pca,without_IMU_VerAccelVal,5,0.5418116444862637,0.002426417418514494,-0.004680117761116665,0.00852151371963389,0.5535932321613671,0.012843149081179304,0.572907291360356,0.004828320029229496,-0.7538810576564574,0.005524604850156925,0.5601436080523421,0.07275490895649278,-0.7726978584013612,0.053126237842247764
pca,without_IMU_VerAccelVal,10,0.5283834084735872,0.0023235184272145377,-0.01810835377379324,0.00854541242586999,0.5780737492914299,0.0127591373379372,0.5606580523533048,0.006447164761400173,-0.7305853152263466,0.0066432624070357936,0.5844169197558273,0.0754748023001089,-0.7160266938001081,0.04165884386032769
pca,without_IMU_VerAccelVal,20,0.5175385677837456,0.002473379404982588,-0.028953194463634833,0.008229846939344792,0.596120428143686,0.012584227606318056,0.5362309921208657,0.006833176061186597,-0.719793020162498,0.006437003180260728,0.591379709735339,0.04792379631046344,-0.7099600308282147,0.02792245991398303
pca,without_IMU_VerAccelVal,30,0.5130430254865351,0.002427804280997336,-0.03344873676084531,0.008099225956647776,0.606519290130868,0.012364864929458857,0.5241312069150623,0.006415948584082423,-0.7172380927323593,0.005352530232410411,0.5998327932579257,0.06790443586040706,-0.6888706914543923,0.032002903707378266
pca,without_IMU_VerAccelVal,50,0.5071940923150837,0.002495336586434769,-0.03929766993229664,0.007897916217391932,0.6174691401743717,0.012417785542277664,0.5001156215369112,0.006298961010174967,-0.7177544770887684,0.00487927713890281,0.5759135235934055,0.05803079778232223,-0.7007227437840501,0.030478279246142062
pca,without_IMU_VerAccelVal,100,0.500915816127566,0.0025282233998436005,-0.045575946119814484,0.007827246739872278,0.6334394331778809,0.012204777096554365,0.4572573001554009,0.006696718808480572,-0.7209141261443065,0.004472367834964962,0.5493888458862162,0.05066147643398466,-0.6977843597687883,0.016171534502600903
pca,without_Pitch_rate_6D,5,0.542070400050455,0.0028003740376578226,-0.004421362196925305,0.008214265242625984,0.5513620570919395,0.012887713771370496,0.5718355529946965,0.005439672974241435,-0.7507254420049576,0.006032349913210238,0.6182620414519631,0.06102617139938941,-0.7297604849343772,0.05718445549549967
pca,without_Pitch_rate_6D,10,0.5316370597235357,0.003058715465555211,-0.01485470252384471,0.007697447785985982,0.576665780501272,0.012498542147813518,0.5657525279060952,0.00622860450748662,-0.7283762062091745,0.006240386591883881,0.6216897702655357,0.06270413245009879,-0.717784434130982,0.05168774984586067
pca,without_Pitch_rate_6D,20,0.5212270461861911,0.0027560207581412504,-0.025264716061189418,0.007880777003633854,0.595364894054806,0.012384755378987252,0.5441842642644371,0.007047605345736706,-0.7172824146443115,0.006318203269087091,0.6079378588960574,0.07135431180001213,-0.690356091486147,0.03961238241919145
pca,without_Pitch_rate_6D,30,0.5159431887171018,0.002728452991851571,-0.030548573530278643,0.007787956372563926,0.604569094114662,0.012253290288799547,0.5273318380696477,0.006904023737424463,-0.7156868600254928,0.005811206578503571,0.6039213925885851,0.08039524537956216,-0.6874747034775734,0.04051609903313412
pca,without_Pitch_rate_6D,50,0.5098447604748226,0.0027153332406944166,-0.036647001772557905,0.007691197789090805,0.6160069779010036,0.012197716062619456,0.5030091552965846,0.0068796835714622796,-0.7173793751042898,0.0050959570175369675,0.5749301663140451,0.06789347481693726,-0.7008672470950286,0.030861205039699448
pca,without_Pitch_rate_6D,100,0.5033876671387413,0.0029207074294230685,-0.04310409510863918,0.007484588187768033,0.6322572370369491,0.012145288713408515,0.4640640641208199,0.0073891451407302805,-0.7205607496097682,0.005091888254629489,0.5610720071727116,0.05230741772216875,-0.6929951762456977,0.017959268115828448
raw_rbf,full,5,0.5441012238601494,0.002549697547110958,-0.002390538387231067,0.00825794994932151,0.5736070613065288,0.013158534461813344,0.5774751230375076,0.004730813092262576,-0.7530021170141393,0.005141583318815854,0.6133529079007632,0.06326477646401447,-0.7317766529287708,0.05306271147050004
raw_rbf,full,10,0.5312505955761581,0.0024050819731050565,-0.015241166671222394,0.008200607164539636,0.5970845611606203,0.012494741250623491,0.564673577840911,0.005375346892341391,-0.7295637762519246,0.006081186569508491,0.6227066380572407,0.06852927445011799,-0.7013032861113133,0.04125134918585769
raw_rbf,full,20,0.521016138768211,0.0028178813794106808,-0.02547562347916943,0.007609497956575507,0.6158778595875767,0.012120125686908352,0.5443397868941855,0.005381163316718446,-0.7198307074769693,0.0054056334292977804,0.60315481438898,0.06939504598291227,-0.7050586946993032,0.035461930899903876
raw_rbf,full,30,0.516450044108135,0.0027422629836375257,-0.030041718139245388,0.007606558197564819,0.6246544829218524,0.01223779183672137,0.5303578100136844,0.005459792837800657,-0.7171853558692886,0.004885837239761508,0.5922113521431436,0.06854314435583084,-0.6898240576932949,0.03570733157405783
raw_rbf,full,50,0.5104646657969116,0.0030957334291075145,-0.03602709645046884,0.007282740681922748,0.6347661775672794,0.012137025929474441,0.5025318057254903,0.0064977743906607845,-0.7189553395705826,0.0052239511952837485,0.5539753129682488,0.05055683724644931,-0.6987420692795222,0.020279202978783925
raw_rbf,full,100,0.5029171515870845,0.0031412131281356504,-0.043574610660296026,0.007208467938862879,0.6485928103212041,0.012069680625623313,0.45479900733518974,0.007005489930252495,-0.7250709541684566,0.005146480516242463,0.5717475514712802,0.054663608828043664,-0.6875445784890541,0.01794634041630865
raw_rbf,imu_only,5,0.5495526757749427,0.0028576168579416625,0.0030609135275622814,0.007914387706005315,0.5470912669828122,0.012699610168421974,0.5852176681989182,0.0046467621198344865,-0.7460577297843464,0.005338949247772007,0.5888716801984472,0.06943148817663772,-0.7440029350301057,0.05614487091934569
raw_rbf,imu_only,10,0.538664174216692,0.0030833014682383098,-0.00782758803068836,0.0075854778271313514,0.568634287337759,0.012167086419006237,0.5841733709743153,0.005963236465787809,-0.7186381725687148,0.005786627615007593,0.6146075660004993,0.06761566001670535,-0.6996958098479527,0.03912504463864385
raw_rbf,imu_only,20,0.5265695446067048,0.0036464674979562947,-0.01992221764067561,0.006843138823450891,0.589388750489048,0.012162414410790197,0.5633080262051097,0.006134984725330233,-0.7120881044977683,0.005472101958523045,0.6228320349477154,0.0798491052118504,-0.6769981079348664,0.053148369911367295
raw_rbf,imu_only,30,0.5200158357162344,0.0035430427108823492,-0.02647592653114601,0.006977894002941596,0.5988083985382551,0.012369239429750658,0.539143857219847,0.006556842862320415,-0.7136735325242674,0.005626294817888819,0.6415273536195965,0.07087717968208837,-0.6695152600979088,0.04110411275985623
raw_rbf,imu_only,50,0.5136987194048606,0.0033731253714175164,-0.03279304284251992,0.007036066017376131,0.6120885055925249,0.012395592497097825,0.5111797482403605,0.007072967838682092,-0.7170934348201656,0.005129717537306236,0.6072803171663421,0.07975502265285155,-0.6837753273431801,0.027848488900686013
raw_rbf,imu_only,100,0.5073790530949623,0.0030902213734205646,-0.039112709152418115,0.007266468241524978,0.6301293595110955,0.012332697503438277,0.47334878002773245,0.00782530019480964,-0.7202041189511156,0.0046805167987441654,0.5488336213215812,0.05232050095240174,-0.6861780083792788,0.020274545701870473
raw_rbf,only_Bounce_rate_6D,5,0.5331048554975266,0.002468862837947711,-0.013386906749853867,0.008491845847931724,0.6421167583326921,0.01240089812229949,0.5532049562422202,0.005298462189712742,-0.7843010151378318,0.0066736664352963345,0.6136923113287187,0.056132007126493334,-0.757986637369463,0.05463654405315702
raw_rbf,only_Bounce_rate_6D,10,0.5228591947978246,0.0026287902780239994,-0.023632567449555764,0.008365947719184117,0.6668926306173606,0.011530252815257025,0.5412279666238737,0.006476624025190521,-0.7608763291245331,0.006927211916528544,0.6675680718285492,0.042038033180897494,-0.700589558891874,0.040114987600103
raw_rbf,only_Bounce_rate_6D,20,0.513585704511788,0.0027128311406915476,-0.03290605773559245,0.008165311821498796,0.6841049853698287,0.010883893521127041,0.5169082249761794,0.007201672980483224,-0.7504112614122348,0.00684252540109522,0.6305459913376968,0.06746738557434967,-0.6867354630261635,0.04690850143655444
raw_rbf,only_Bounce_rate_6D,30,0.507365591945012,0.003115622879901547,-0.039126170302368514,0.007664914522490437,0.6902116567449764,0.010554187540175473,0.49487274982483787,0.007612152386105657,-0.7510138710688644,0.006713759147987382,0.6335744911844943,0.05400353837043996,-0.7002795045440837,0.03968899785227059
raw_rbf,only_Bounce_rate_6D,50,0.5030419930608886,0.003239380565930645,-0.04344976918649192,0.007522667330136364,0.6972211404215758,0.010430674489857721,0.4730158388832438,0.008480514640626095,-0.748829825115043,0.006729175843426792,0.6678411988549902,0.04355134057507703,-0.6841464463066547,0.03538089758955023
raw_rbf,only_Bounce_rate_6D,100,0.499143147458409,0.0034244270228353992,-0.04734861478897145,0.007209722504972048,0.7052082401324807,0.01039670086561818,0.4462191714825116,0.008749672312650095,-0.7471416252258212,0.006832831319286841,0.655787482320844,0.0551233039049479,-0.6828804912878108,0.028384519574665635
raw_rbf,only_IMU_LatAccelVal,5,0.5220864432244692,0.002341743379980016,-0.0244053190229112,0.00912015742554824,0.6670130063031714,0.010923197864598815,0.5260084299941326,0.006910044301649545,-0.7907791898978763,0.006365905503729026,0.5588896557792669,0.07957523989892212,-0.7601811527762121,0.05696234389785943
raw_rbf,only_IMU_LatAccelVal,10,0.5124660590730543,0.001833859704847918,-0.034025703174326204,0.008935812719775369,0.6921998198869866,0.010075109407091472,0.5096390673304801,0.007452315870998442,-0.7676471709068476,0.004978816683669362,0.5608883080589256,0.0768913477839133,-0.7152396431216465,0.042011259261172496
raw_rbf,only_IMU_LatAccelVal,20,0.5046361493921195,0.0021756325982899374,-0.04185561285526087,0.008442322533744703,0.7105567545852348,0.009564710027851267,0.4864156797001272,0.007353023458915229,-0.7514564038419168,0.004720030845188735,0.5650716311592077,0.08180861256431557,-0.700012915641001,0.03652094409047116
raw_rbf,only_IMU_LatAccelVal,30,0.5008876147942987,0.0025567055489728097,-0.04560414745308183,0.008034246013436438,0.7173038864187686,0.009480600267035138,0.4721895521982199,0.006837247939534684,-0.7452921571637653,0.005185174353687887,0.6021061106395162,0.07913061951722027,-0.6908309541380689,0.034182945661603244
raw_rbf,only_IMU_LatAccelVal,50,0.49794555571476246,0.0023060031906752773,-0.04854620653261807,0.008180088404629856,0.7232999746569342,0.009528728636562367,0.4539460098626445,0.007533021559471957,-0.7398439587742652,0.004531897218571534,0.5555165255613073,0.06285280415559397,-0.7023347469728642,0.025412236483618386
raw_rbf,only_IMU_LatAccelVal,100,0.49494930641774504,0.0021915187345793244,-0.05154245582963537,0.008217661180988035,0.7292457631643467,0.009546057974926782,0.4279316404880782,0.007911721994704735,-0.7355964145269782,0.004152743837192586,0.5923051409456275,0.05297313969445366,-0.6920173694452232,0.018365957573911143
raw_rbf,only_IMU_LongAccelVal,5,0.5478145246866546,0.005974841605667724,0.0013227624392740279,0.006268256403392043,0.5011033447880815,0.013996982103846645,0.5771873604117997,0.00747895374351248,-0.7575698084882471,0.007105443250738997,0.5127260016796104,0.05902361539624483,-0.7880554379916548,0.046033344181493505
raw_rbf,only_IMU_LongAccelVal,10,0.5374019513390548,0.005863160517086518,-0.009089810908325714,0.006279927026314571,0.5170383992754033,0.013897014796932899,0.5705110617482922,0.00939276606691752,-0.7411754132136907,0.007368531281891539,0.5557864860234016,0.051810703433044995,-0.7307113632727797,0.03276583011382026
raw_rbf,only_IMU_LongAccelVal,20,0.5293097082505349,0.005472309057976555,-0.017182053996845574,0.006111281749561886,0.5350332588828716,0.013828308053878881,0.5609370475518188,0.010326395750635861,-0.7221311742320599,0.006603979444604721,0.5311908249498319,0.056834679462005114,-0.6980186184298012,0.031118007888446965
raw_rbf,only_IMU_LongAccelVal,30,0.5241883229800134,0.005294990968261601,-0.022303439267366915,0.006226745946427852,0.5455753002550343,0.013700637567525355,0.5472605774958321,0.012320497814937294,-0.7177888053072434,0.006544124491813952,0.5292404668030164,0.05425026090929151,-0.6962679053839794,0.029675875701196525
raw_rbf,only_IMU_LongAccelVal,50,0.5188449047573178,0.004658010232910069,-0.027646857490062522,0.00651476008027631,0.5597201634677627,0.013587979850171766,0.5295317704761929,0.013321167803758983,-0.7135615735792046,0.006371498785471627,0.5130657769228036,0.05829646830119346,-0.696759452855177,0.028197658258381005
raw_rbf,only_IMU_LongAccelVal,100,0.5106499076503415,0.0037655469988347517,-0.035841854597038966,0.007046405779367054,0.5829405041289126,0.013246662619946538,0.4893150719296318,0.014062599683235474,-0.715696842379154,0.005791741082915425,0.5175254545460309,0.05071699764180537,-0.6962262046762557,0.022971683279917953
raw_rbf,only_IMU_VerAccelVal,5,0.5392540531824181,0.0019450216354913626,-0.007237709064962383,0.009290854372958053,0.6463629946008402,0.011630553057214466,0.5614904249834807,0.0070780574964902825,-0.7777410940813819,0.007454970639738461,0.6253525162911325,0.06464403102757717,-0.695708376439519,0.039512232207265845
raw_rbf,only_IMU_VerAccelVal,10,0.5273506438567317,0.0019289849368073254,-0.01914111839064884,0.00890400424069862,0.6672967693848598,0.01129104899195552,0.5469207507618485,0.007780549314268894,-0.7604832672951833,0.007409066677699906,0.641336905269711,0.058729226688172494,-0.6876459488238045,0.024639616218517617
raw_rbf,only_IMU_VerAccelVal,20,0.5188245741297435,0.0020610195020673754,-0.027667188117636944,0.008615129120721524,0.6804556414697407,0.010906185615571903,0.5290068200160694,0.008349413811931748,-0.7452719521672804,0.006106030125684212,0.637965335765433,0.05140045874082661,-0.6882190618074944,0.027791469294202658
raw_rbf,only_IMU_VerAccelVal,30,0.5145098865752893,0.002432419844825385,-0.03198187567209117,0.008214930576899662,0.6864615987413532,0.010822465282176421,0.5163964783587449,0.008698583913172681,-0.7429642011487892,0.005873470530951078,0.6372128533316646,0.053287555292017105,-0.688272147254912,0.030705824096424462
raw_rbf,only_IMU_VerAccelVal,50,0.5101288987180272,0.0027535098662415662,-0.03636286352935335,0.0076968647775129215,0.6937105135365867,0.010722346574178133,0.4974898482213814,0.008328597650822556,-0.7413265432169956,0.005747628419416264,0.6411772842626997,0.04905308292221535,-0.6875736454310621,0.02770570056143864
raw_rbf,only_IMU_VerAccelVal,100,0.5049483438219169,0.0031786028323389187,-0.041543418425463566,0.007224822925042595,0.7028334318925433,0.01044438278517002,0.46777241989429436,0.008384798276716354,-0.7434986557765512,0.00593585141816248,0.6502711413993337,0.049494065958547585,-0.6867384690943317,0.028440695521142062
raw_rbf,only_Pitch_rate_6D,5,0.5265663076444322,0.0016364568566519953,-0.019925454602948155,0.010018287204570651,0.6469003798956869,0.011942061075732573,0.5388240365421471,0.006908543360482602,-0.7913412985785252,0.007028824752287298,0.5724037809465912,0.05788736822345929,-0.7500357324503937,0.05187829372437933
raw_rbf,only_Pitch_rate_6D,10,0.5178094674841505,0.002086290980243508,-0.028682294763229997,0.009129098582669354,0.6652517384080763,0.011321364667030067,0.5254573494444108,0.006962359611149479,-0.7701392895039939,0.007874928463817998,0.5891904296350428,0.06740104630029295,-0.7235195853327473,0.04409907735468909
raw_rbf,only_Pitch_rate_6D,20,0.5068810049548664,0.0023711589067077965,-0.03961075729251408,0.00858730113210918,0.6812058496238709,0.011078609928431345,0.4962423252428912,0.006819798249447913,-0.761689185508035,0.006796133288719665,0.5973257749434528,0.07653279601895169,-0.7058579256634085,0.03532551265255578
raw_rbf,only_Pitch_rate_6D,30,0.5014145974758536,0.002543138145670232,-0.0450771647715268,0.008398553878757254,0.6881729039671411,0.010949852967918663,0.4769738821753073,0.007354706618385867,-0.7610217054187017,0.006634473002599932,0.5977168670126238,0.07919649854849016,-0.6966035283199808,0.03463637714406491
raw_rbf,only_Pitch_rate_6D,50,0.4970172823188479,0.002639859253478992,-0.049474479928532614,0.008182289038350823,0.6943048184166004,0.01084486200568188,0.4539094182137112,0.007660674469445422,-0.7559926855369902,0.006112274879099838,0.5629422141960833,0.07822893818191143,-0.7035009355457152,0.02535024782834194
raw_rbf,only_Pitch_rate_6D,100,0.49346217858879526,0.0027523100046841875,-0.05302958365858514,0.007888231236940027,0.700759369126589,0.010728872217411478,0.42533532041294525,0.007678890048134775,-0.74898462348324,0.00567516890388309,0.5505051511484754,0.07241705847829225,-0.7068464052546212,0.02221147899632393
raw_rbf,without_Bounce_rate_6D,5,0.5455080350007273,0.002631858224756047,-0.0009837272466530545,0.008712176466807033,0.5635244715797622,0.012500212727014706,0.5784512103362777,0.006303653079155746,-0.7496788071455865,0.006612519330059742,0.5590148274472816,0.057603054560405875,-0.7515660860920966,0.03741714927998475
raw_rbf,without_Bounce_rate_6D,10,0.5306346223492151,0.0025662285925531353,-0.01585713989816533,0.007930618523089584,0.5865628008616567,0.012052398852871984,0.5625874811207718,0.005096466320402385,-0.7306835207524545,0.004857541338410221,0.5841976661999612,0.07189642297998282,-0.7038756437114191,0.04337381490637344
raw_rbf,without_Bounce_rate_6D,20,0.5208040254236843,0.0026632770107718686,-0.02568773682369605,0.007681320928806551,0.6056321592845133,0.012084381737584282,0.5424886239773827,0.005099744353825706,-0.7188229479228814,0.004792428195328293,0.6145603110174251,0.0689042645666305,-0.6827896700693998,0.040959031342150704
raw_rbf,without_Bounce_rate_6D,30,0.5164048120656697,0.003205092555606104,-0.030086950181710738,0.00718427291909886,0.6142906516168664,0.012175533147715816,0.5313349027027983,0.005941545562634243,-0.7164220589452649,0.005232380714238631,0.6170177227420257,0.06859359643835235,-0.696033741423583,0.03766125588733095
raw_rbf,without_Bounce_rate_6D,50,0.5107674354744316,0.0030102665664079936,-0.03572432677294878,0.007304168024181458,0.6251989567324951,0.01223809898268923,0.5045925161697882,0.0060120948677676875,-0.7170071657175847,0.0047522598602706976,0.5547230813088314,0.05284381437239118,-0.6923693773807321,0.021369734659368932
raw_rbf,without_Bounce_rate_6D,100,0.5037280437192113,0.002883604016482939,-0.042763718528169056,0.0074168993696670195,0.6406104366934924,0.012268648877410217,0.45762392507753324,0.0067482848778389285,-0.7213357268640147,0.004392328640142702,0.5286679794352379,0.05691201432781559,-0.6913911710124286,0.01749226910979759
raw_rbf,without_IMU_LatAccelVal,5,0.5471308554216117,0.003352990035072557,0.0006390931742311535,0.00826829486980896,0.571222569475242,0.012340072776453907,0.5800133082149338,0.0068983411602013085,-0.7462528036984242,0.00802474538293213,0.5899982049291758,0.03348622982850499,-0.7192523141486167,0.035762147471261274
raw_rbf,without_IMU_LatAccelVal,10,0.52901480707055,0.003352858764477967,-0.017476955176830455,0.007561089664304509,0.5907493738709413,0.012036246664275869,0.5548498946773173,0.0068758826031576,-0.7367717234117812,0.00756947419350544,0.6512265915444793,0.049304849564100785,-0.6847747492931537,0.0343911190623896
raw_rbf,without_IMU_LatAccelVal,20,0.5193873203475057,0.0029988710775418,-0.027104441899874744,0.007559428991210506,0.61212585275134,0.01206647961458854,0.5370079541972761,0.0072116731076971325,-0.7253972187359905,0.006258078101049682,0.6099264652332792,0.06923021985216031,-0.6981527047591833,0.028676536036779474
raw_rbf,without_IMU_LatAccelVal,30,0.5148947255485493,0.0030881135409745485,-0.03159703669883111,0.007436100604180428,0.6214580669525874,0.01204621300322126,0.5209418120583832,0.007981035212243788,-0.722184266683435,0.0061029894636089625,0.6011989244105458,0.06821526631362233,-0.7002024738579998,0.024029705990157014
raw_rbf,without_IMU_LatAccelVal,50,0.5103328295621999,0.0031713062147348758,-0.036158932685180514,0.007247895814722619,0.6319648766795386,0.01192425325487404,0.4991386996983219,0.007763621881672418,-0.7201498881212809,0.0058045845258829784,0.6040798586796596,0.06893104854089739,-0.6958396765186068,0.022711324820050782
raw_rbf,without_IMU_LatAccelVal,100,0.5028586663562006,0.0032286355876338857,-0.04363309589117987,0.007163324619160238,0.6458445834582132,0.012021366773710625,0.4536882369676958,0.0074874530681059695,-0.7260796376687495,0.00540206285278264,0.5566170219673793,0.05176164188989687,-0.6924009532968765,0.01827159895686828
raw_rbf,without_IMU_LongAccelVal,5,0.5355894822531466,0.001604342617103217,-0.010902279994233887,0.010133558214476694,0.6355618752998569,0.013428052138679597,0.5597016102396964,0.007154415694910629,-0.7838794395263005,0.007014427121064839,0.570025468903344,0.050771199444248793,-0.7742256370843624,0.0413647357424797
raw_rbf,without_IMU_LongAccelVal,10,0.5248074275971979,0.0017530932944409639,-0.021684334650182623,0.009265568453334212,0.6625951356795646,0.012112624772351378,0.5446185349096678,0.006852890650835301,-0.7589518756873257,0.007113622455268663,0.6006045948107255,0.0662823558190134,-0.7298809100977126,0.040075704743571805
raw_rbf,without_IMU_LongAccelVal,20,0.513714691021721,0.0024712697499011086,-0.03277707122565954,0.00839963258225047,0.6785999216517892,0.011433164668660976,0.5176939507589944,0.007038525531732604,-0.7490783303977333,0.006410673213584239,0.6081869164024422,0.052243529221747104,-0.7016689065751196,0.031156088871057676
raw_rbf,without_IMU_LongAccelVal,30,0.5092243480001765,0.0025571201775280235,-0.03726741424720405,0.0081414088730916,0.6856550880669771,0.011166768611510603,0.49995983386255227,0.0070695093154644895,-0.7445532923293675,0.006168885535227743,0.5879417060210808,0.04538462821359712,-0.6977964314742534,0.02731084824560212
raw_rbf,without_IMU_LongAccelVal,50,0.5046326554412977,0.0028140393984634592,-0.04185910680608284,0.007753722052408895,0.6922747037315615,0.011168075951970328,0.47948179286079523,0.007273234225159533,-0.7428487446678628,0.005768104402253505,0.576939882744964,0.05420403715633957,-0.6980966116865561,0.026649932016887232
raw_rbf,without_IMU_LongAccelVal,100,0.500139995961747,0.0030298127889166883,-0.046351766285633395,0.00744688514594722,0.6992929599217932,0.011004451420613608,0.44903274329188914,0.0080090163175597,-0.7419338935698783,0.005664229214701717,0.5651232529846698,0.05801316693289729,-0.6975713467608242,0.0215770397718383
raw_rbf,without_IMU_VerAccelVal,5,0.5465715038631366,0.0024611014595200646,7.974161575615701e-05,0.008565562845638903,0.5636606226932825,0.013119870147725626,0.5795864994349404,0.005270171102010561,-0.7496665819240601,0.006087843791771571,0.6221830212219989,0.05095677401426812,-0.7057449750686133,0.035913081203822805
raw_rbf,without_IMU_VerAccelVal,10,0.5312153789906051,0.0026016601852071066,-0.015276383256775283,0.008092364547031808,0.5859681567034839,0.01241175188131189,0.5635429037804052,0.005858347557559506,-0.7308445398197756,0.006150946422845914,0.6120433935069138,0.06138982639898442,-0.7029681905932272,0.05087356932676171
raw_rbf,without_IMU_VerAccelVal,20,0.5206831264174159,0.002903499303878875,-0.025808635829964656,0.007564837422206977,0.6059696715857369,0.012504185869370852,0.5413617925740595,0.005941850294488009,-0.7193326410296073,0.006127330249233616,0.6154383195034686,0.06878056477166626,-0.6826947948485371,0.03181710028728889
raw_rbf,without_IMU_VerAccelVal,30,0.5151976399842924,0.003097937186627172,-0.03129412226308807,0.007343276250281857,0.615242110747247,0.012499057927828043,0.5240431701409675,0.006005521145706033,-0.7186454594923882,0.005378960873260925,0.6041110255477786,0.06752850263296996,-0.6887066449813203,0.02780201330098128
raw_rbf,without_IMU_VerAccelVal,50,0.5095868153315567,0.0031731585775659956,-0.036904946915823716,0.007217887294666274,0.624351206691091,0.012492131047875697,0.5007498334785387,0.006593870277440079,-0.718408197133433,0.0053214850352951,0.5837506112040886,0.0577445902315989,-0.6916285239727039,0.021987045470810946
raw_rbf,without_IMU_VerAccelVal,100,0.5022689283719778,0.0029613518745277884,-0.044222833875402635,0.007365114573755514,0.638982591058506,0.012480361217102769,0.4529307502312914,0.006620451248981067,-0.7234757719049485,0.004715600846415074,0.5610958127257861,0.05292660954356631,-0.687238383358548,0.016811426628207986
raw_rbf,without_Pitch_rate_6D,5,0.5491527483779228,0.0024258920236869663,0.002660986130542464,0.008351381011456447,0.5614485144403806,0.012900812571960477,0.5856610643333144,0.005044683247937412,-0.7437034643228445,0.0054129397982449045,0.6232235862692246,0.06020393929499882,-0.7086096868669343,0.05084154901462824
raw_rbf,without_Pitch_rate_6D,10,0.5366428880241627,0.002954439850126683,-0.00984887422321773,0.007628504863162506,0.5851506249286935,0.012353450353899332,0.5787003002885062,0.005344738703782643,-0.723552052233542,0.006037070900943388,0.6231143143287227,0.06862105194747234,-0.7177050116150377,0.04327240177068331
raw_rbf,without_Pitch_rate_6D,20,0.525045990777786,0.002988055270233504,-0.021445771469594567,0.0074704045804653545,0.6053020741890931,0.012310958860163193,0.5568409161636849,0.005810718070058991,-0.7130419409285598,0.005424371699777763,0.6192258610578889,0.07068009262925458,-0.6805701884923716,0.04211692167933876
raw_rbf,without_Pitch_rate_6D,30,0.5200155815545593,0.003316162195282771,-0.026476180692821216,0.007169963336330577,0.614949191890774,0.012479735771668419,0.5418158008861107,0.006758860730442329,-0.7118867660824773,0.005856792829670701,0.613195825225449,0.06838732833746491,-0.6802603367978435,0.03646193561850015
raw_rbf,without_Pitch_rate_6D,50,0.513251366239414,0.0033775662451998893,-0.033240396007966376,0.007027678244369268,0.6253656749152757,0.012306921393620428,0.5114897750475935,0.006620413435400067,-0.7162825244442228,0.005321248974581012,0.5771630356666552,0.057141893278444385,-0.6871690597886688,0.025710474997453134
raw_rbf,without_Pitch_rate_6D,100,0.5055767812610312,0.003192432813899242,-0.04091498098634923,0.007140443747949618,0.641111463850471,0.012227159246016348,0.4641863830940046,0.00674235019286477,-0.7227549688691663,0.0049436321067105275,0.5416492959431246,0.05143051687827451,-0.6899993685647232,0.01956021273960512
scatter,full,5,0.5310749849977585,0.0024586637649683294,-0.015416777249621849,0.008234318503881208,0.6142671581269119,0.012311778298385857,0.5454226900852337,0.00463818888007571,-0.7880719304806629,0.006277577845113665,0.6037271345732281,0.040955726600593045,-0.7526477172596079,0.036377586043072924
scatter,full,10,0.5229911153478053,0.002088989790071089,-0.023500646899575216,0.008640885141727174,0.6372689366665697,0.011389791641117959,0.5343991022918543,0.0056179014861250515,-0.7667178789371463,0.007072988749049636,0.7079746749087656,0.05327813626175339,-0.7068661989715357,0.02979851609312652
scatter,full,20,0.5193592375169371,0.00205230868362229,-0.027132524730443308,0.008736838928334167,0.6571762545138385,0.011368097368208091,0.5290665533110792,0.00644805353147479,-0.7460912854089352,0.006889938741869236,0.7155813792262862,0.05565917607932244,-0.6909792948901244,0.02825400246074783
scatter,full,30,0.5161681046017736,0.0023661834380865362,-0.030323657645606815,0.008556823044244875,0.666487790526054,0.011119803320642756,0.5211504351904788,0.007081984491668713,-0.7421450358125959,0.0069269343224369305,0.7188865735297395,0.055771376222489955,-0.6765435712440412,0.02935320889022869
scatter,full,50,0.5123561884824464,0.0023819605954029975,-0.03413557376493419,0.008465877820636208,0.6768396859586583,0.010862496410195608,0.5112822379392009,0.0076289842343338745,-0.7385540329835176,0.006530062367672165,0.716265645819194,0.053000777017018004,-0.6773811287795304,0.027421542009374175
scatter,full,100,0.5061875868500861,0.00252209041866098,-0.04030417539729443,0.008217114524747916,0.6878175895216346,0.010496656395570096,0.4911352814382363,0.008087815801353135,-0.7399698682343466,0.006330430788411837,0.7038085229731739,0.05003776363139461,-0.6872110656737263,0.021797083922651738
scatter,imu_only,5,0.5331280306916437,0.0022177911628028842,-0.013363731555736747,0.008647491147950414,0.6357845525534995,0.011650388383581659,0.5485581135118197,0.0052884863898482615,-0.7920090647700533,0.006738039786437021,0.6792847250370896,0.04007117715151518,-0.7078558915800086,0.03216419077989922
scatter,imu_only,10,0.5243270904876243,0.0019072814130510897,-0.022164671759756262,0.008810829014260757,0.6548136467669474,0.011001910793196734,0.5348332406345537,0.005735826182608586,-0.772408623664734,0.007082015489074758,0.7044126971121439,0.04605464236017859,-0.6946418091295102,0.037183641955428594
scatter,imu_only,20,0.5181998460178452,0.002111487356869837,-0.028291916229535263,0.008579147917754373,0.6695874811941304,0.010498958527411617,0.5255779830846433,0.0061656401277239165,-0.7513882641967722,0.006280730903260829,0.7078845532388222,0.04255291248299457,-0.6788284631815701,0.030793987235124862
scatter,imu_only,30,0.51513824141792,0.0020285836474163506,-0.03135352082946043,0.008718860724926301,0.6788817709041279,0.010420121591143866,0.5184817224474095,0.0072507687347687895,-0.7435155711530322,0.006166463667551793,0.7391168822373684,0.04965998649792672,-0.6731975862679622,0.028346957588497305
scatter,imu_only,50,0.5112401056273594,0.0020720413899718592,-0.03525165662002091,0.00853216923418937,0.6866969647469039,0.01030235524994887,0.5077696345833285,0.007232390505950155,-0.7382256293278852,0.005621697328817181,0.7342604078134515,0.043011478366208764,-0.6703950272377248,0.02712192275670266
scatter,imu_only,100,0.5060222836551451,0.00228250087686298,-0.040469478592235375,0.008252175907925203,0.6963823150051814,0.010009621351462435,0.4919478293606879,0.0074704995338245855,-0.7355599359421054,0.005687025519922228,0.7222295549555673,0.0513858644238883,-0.6778990349323251,0.024867181943889104
scatter,only_Bounce_rate_6D,5,0.5197881628739507,0.0011061293041525007,-0.02670359937342971,0.009680415498000784,0.6637778895970163,0.011841913989086668,0.5228617339565618,0.005047390175172892,-0.7967407387576826,0.004502584415709611,0.600219968809668,0.025301172885334455,-0.7752235482418401,0.021039264939561944
scatter,only_Bounce_rate_6D,10,0.5132682738878521,0.001629812094231296,-0.033223488359528354,0.009211719670097849,0.680214120121023,0.011432683318893334,0.510508270809787,0.005839642113334836,-0.7792123990591958,0.00587258583167787,0.6086147829773692,0.025203973355841246,-0.7271952322116103,0.025037147708714312
scatter,only_Bounce_rate_6D,20,0.5133661352607698,0.0019900310632352735,-0.033125626986610604,0.008797782348642457,0.6921065582653091,0.010921866904545639,0.5111447775313562,0.006426025118238989,-0.755646706019493,0.006130584816678279,0.6302534360778909,0.047998126901307024,-0.703205326848718,0.021449189314735915
scatter,only_Bounce_rate_6D,30,0.5118711091196313,0.0021413449330361495,-0.034620653127749125,0.00873126524019829,0.6970417158363365,0.010632160991946513,0.5083776670422584,0.0068677399484219324,-0.7484239505121079,0.0061724039914517114,0.6224570171797192,0.06187258467056543,-0.6995729931075279,0.02248911052932049
scatter,only_Bounce_rate_6D,50,0.5099348999433528,0.0020768833087419936,-0.03655686230402756,0.00873900515335083,0.7033980941093306,0.010273433180173123,0.5043538153759237,0.007685866353202902,-0.7409182165204491,0.0060963747772300675,0.6080134860358082,0.06464255177782446,-0.6963753594461536,0.018040080242548016
scatter,only_Bounce_rate_6D,100,0.5051352609988838,0.0023128511134739415,-0.04135650124849651,0.008467950027364241,0.7089761775911899,0.010170871810404524,0.48957765766861605,0.008454798095973912,-0.7385378119165006,0.005987704321090145,0.6571439383342065,0.04117938018340773,-0.6943443613793242,0.018249728458715534
scatter,only_IMU_LatAccelVal,5,0.4988237109419854,0.0019719041848879544,-0.047668051305395046,0.008452464281973078,0.6993014485607165,0.009918043681853929,0.4795854759129338,0.0036919777552211924,-0.8115328066923926,0.003874078276136765,0.5592302921690688,0.0415185986981385,-0.7534870398343199,0.037305213296611656
scatter,only_IMU_LatAccelVal,10,0.4906259156423637,0.001975508324310047,-0.05586584660501681,0.008331796767152923,0.7072926458212566,0.00910277429906794,0.4478633331594296,0.004235412963973524,-0.7905610159763866,0.004200031638725979,0.5732912309489551,0.04435496980073431,-0.7335590882336004,0.025765865973623847
scatter,only_IMU_LatAccelVal,20,0.4886077838937279,0.002141358973416914,-0.057883978353652554,0.008138463662429868,0.7144252864870689,0.009231090468172574,0.4227816700076441,0.003877528126897354,-0.7676628625754061,0.003969322065394818,0.5786232609240166,0.044300461553477395,-0.729340848611143,0.017840865779162773
scatter,only_IMU_LatAccelVal,30,0.48858430329852576,0.002219662129571064,-0.05790745894885465,0.008140208301969518,0.7175229497873703,0.009248400225818144,0.4124188743810171,0.004980706498173744,-0.7583113714339156,0.0039531241327715174,0.5725309798474277,0.036503213673250684,-0.7173374514953238,0.01875029646303033
scatter,only_IMU_LatAccelVal,50,0.48833466287676364,0.0022026445137547225,-0.058157099370616874,0.00811917819235547,0.7225346191506429,0.009232046703035285,0.3980161379488871,0.00533753889521709,-0.7524172857395787,0.0037148871803286566,0.6078293364192021,0.044894787716068425,-0.7083616498580161,0.019496956081463977
scatter,only_IMU_LatAccelVal,100,0.48874315365657955,0.0022868331545736345,-0.05774860859080093,0.00805793118552651,0.7275730832591563,0.009056309454775898,0.38360823025511637,0.005760693715135473,-0.745156651382376,0.003920781594292873,0.6341761529717652,0.05566927310337904,-0.707314764608388,0.017712590853530486
scatter,only_IMU_LongAccelVal,5,0.5092641048120753,0.004266648037901418,-0.037227657435305046,0.006834624087727201,0.6439024867773329,0.011292540368526288,0.500213348976526,0.005791942073023058,-0.8236071208027832,0.008175662291409296,0.6002000797379798,0.048969896028525216,-0.7724558510027749,0.045033297027076265
scatter,only_IMU_LongAccelVal,10,0.5095744131335705,0.0035337518999142394,-0.036917349113809915,0.007123954622297838,0.6519552405143406,0.010793009981326512,0.4998628211367692,0.005849227949922482,-0.7830501129317475,0.008200175756198955,0.6243343332183382,0.03237360521024723,-0.728584350114471,0.03621167060880233
scatter,only_IMU_LongAccelVal,20,0.505368311423817,0.0036641171542626276,-0.04112345082356346,0.006980350789205739,0.6603700865629074,0.010342004989619624,0.48456259341007646,0.006879811196087988,-0.7619934858209062,0.008168186307903223,0.6236559970497269,0.038263885189170864,-0.7168643754693835,0.029247578559489364
scatter,only_IMU_LongAccelVal,30,0.5029429306419705,0.003566778432656057,-0.04354883160540994,0.007076558354681421,0.6647469647111943,0.010364072896839186,0.4746280850243612,0.007706762133601111,-0.7531731405358035,0.007877364282729806,0.6533770980795385,0.044062151511026854,-0.7069993677941377,0.02812123671548833
scatter,only_IMU_LongAccelVal,50,0.501489033266385,0.003205668084331649,-0.04500272898099542,0.007242186885183037,0.6705228533222758,0.010083677341470282,0.4651038288738996,0.007072562947679936,-0.7441061117056231,0.0068152038800830044,0.6762514449814662,0.04760999466995027,-0.6908698384711389,0.02334930553170517
scatter,only_IMU_LongAccelVal,100,0.49712617231388617,0.002769461719019074,-0.04936558993349434,0.007598802990907303,0.6819555575075822,0.009806073332039384,0.43527697302750357,0.0068467417425442465,-0.7408617379501486,0.005594769393001278,0.666144241991628,0.04463254916811895,-0.6976528275791736,0.021432455405258885
scatter,only_IMU_VerAccelVal,5,0.5282501434403176,0.0021100013261071294,-0.018241618807062866,0.009315392447733068,0.6556908464165957,0.012126975779792649,0.5412998312176247,0.005999627928924793,-0.8020468119422605,0.006600116686629026,0.6723446472116726,0.05568242014140189,-0.7111112766531322,0.04912678961578891
scatter,only_IMU_VerAccelVal,10,0.5200716930488113,0.0026565265147345616,-0.026420069198569162,0.00843882220244013,0.6774659271915231,0.011329055456560926,0.5285712713543105,0.0060893784163339295,-0.7772100138006536,0.007296168330919727,0.7001035936696198,0.06052680249824739,-0.6805795416160191,0.04130445804999458
scatter,only_IMU_VerAccelVal,20,0.5152518709084929,0.002624539855780268,-0.03123989133888754,0.008676442167188336,0.6916256002723138,0.010803994143962775,0.5118018437259572,0.0071087256927191015,-0.7576156199053662,0.007086544612520333,0.6983646403975123,0.06326752286094513,-0.6831278496691046,0.03847062447310059
scatter,only_IMU_VerAccelVal,30,0.5140264820426468,0.0027030074962212072,-0.032465280204733625,0.008600232213476647,0.6976770355336211,0.010431333981897705,0.505347602795941,0.0075262255957805405,-0.7474205293547678,0.006843734046013583,0.7012784198436884,0.061438691193382994,-0.6751722223252988,0.03909932366361567
scatter,only_IMU_VerAccelVal,50,0.5131924785911621,0.002409766718368063,-0.033299283656218405,0.008698191378563674,0.7046939735154505,0.01012257854048451,0.5029676418419249,0.0071041916062762845,-0.738379144539856,0.006120354670144262,0.71188532087485,0.060173838619391413,-0.6610417231170854,0.037282760957167066
scatter,only_IMU_VerAccelVal,100,0.5093457706852121,0.0022418305825294034,-0.03714599156216826,0.00880879406268295,0.7120531889605546,0.010106330341932276,0.49724442515889206,0.007937129200018463,-0.7344451292939347,0.005986412732917981,0.7336730999830949,0.0559624633512926,-0.6651233779592174,0.029643265567447397
scatter,only_Pitch_rate_6D,5,0.5212037180570092,0.0022815539848417892,-0.02528804419037136,0.00964113625019562,0.6633033723576315,0.011686351957420538,0.5292816551169149,0.006921297136560661,-0.7875860802016594,0.007593221297351554,0.5785815104990489,0.024318829939628257,-0.768310442256199,0.027938654407394247
scatter,only_Pitch_rate_6D,10,0.5143277517973881,0.0018664714828191906,-0.03216401044999234,0.009513784449520012,0.677295811476815,0.011504967121454808,0.5176513391935134,0.007301282333743004,-0.7686942475209395,0.006695373665838451,0.6019228532585686,0.0252948608438379,-0.7194623939041994,0.02066205212023208
scatter,only_Pitch_rate_6D,20,0.5083999353126237,0.0024314127765782145,-0.0380918269347568,0.00879369131913253,0.6849819201736258,0.010661822810230776,0.502701501596525,0.007720325193585597,-0.7550999202615103,0.006585858299475829,0.5653872233127328,0.04132554001186101,-0.7345698853818939,0.021394229618325884
scatter,only_Pitch_rate_6D,30,0.5064039658123369,0.002417992625947193,-0.040087796435043496,0.00894485742392724,0.6882341409988674,0.01076612398201271,0.49666536261323485,0.008960919208317474,-0.749153842703859,0.006724708446758818,0.5712797740945003,0.05174726351602376,-0.7301117247327304,0.023012311173804374
scatter,only_Pitch_rate_6D,50,0.5057360640656985,0.0023765026738635066,-0.040755698181682024,0.00875352549585318,0.6927309572339004,0.01046897985209772,0.4924783620863183,0.008575162640211279,-0.7434072917179267,0.006573675132974135,0.5667176135915412,0.05441770605518619,-0.7232326228890995,0.017668909889559867
scatter,only_Pitch_rate_6D,100,0.5017242915129747,0.0025098907559627888,-0.04476747073440581,0.00884130503439536,0.6987181442892199,0.010246352165612605,0.47587693688614624,0.009578055847961564,-0.7455317324124973,0.006620031418618367,0.6433335880132429,0.060381611812729254,-0.7112898420316358,0.017076508212587417
scatter,without_Bounce_rate_6D,5,0.5281616108351643,0.0020569950532759312,-0.018330151412216212,0.008755194154274488,0.6133706704900408,0.013156619936298797,0.5371478206550083,0.005272105562035158,-0.7914456103969691,0.006653708441959028,0.646988843566197,0.03978436833970637,-0.7561941362156258,0.04230590235970246
scatter,without_Bounce_rate_6D,10,0.5229897992406779,0.00216914773306767,-0.023501963006702563,0.008615834394222251,0.6374653527408636,0.011561530392352904,0.5330787923896538,0.006138908300376838,-0.7673790084420081,0.007109254148888047,0.68915103387627,0.04846753865487128,-0.7149154842616954,0.04356166088093713
scatter,without_Bounce_rate_6D,20,0.517872422317459,0.0020946733813559425,-0.02861933992992145,0.008765710510314169,0.6573842264827974,0.011299812475351554,0.5243979220640899,0.006909040164678614,-0.7493200417692061,0.006638025665911435,0.7091580886587086,0.048242416346652675,-0.6862381814609934,0.028133446959573444
scatter,without_Bounce_rate_6D,30,0.5160434755646348,0.001977279303891226,-0.030448286682745664,0.008903428787342172,0.6660673409113709,0.011140216668073886,0.5212622387159197,0.007656576140270997,-0.740398353567036,0.006628963166986508,0.7037861654731759,0.053956990081218334,-0.6802973112214357,0.02689306028326232
scatter,without_Bounce_rate_6D,50,0.5124136343327075,0.0020951692264355062,-0.03407812791467309,0.008604063160648115,0.6775273291589274,0.010750534945201774,0.5131173356001761,0.007387711546910092,-0.7366383928936403,0.00606122237263933,0.7299247447277197,0.05420283820338881,-0.6727651788647201,0.02274704351672282
scatter,without_Bounce_rate_6D,100,0.5068377585208169,0.0021614902488991177,-0.03965400372656364,0.008497437188504514,0.6889251782767186,0.010375005442015611,0.494956971528544,0.00808276351944912,-0.7361266200996347,0.005620897741917757,0.7395561358798101,0.052431762827005284,-0.6708454698413318,0.02357154059204201
scatter,without_IMU_LatAccelVal,5,0.5223194171181399,0.0022847623444095756,-0.02417234512924058,0.009022287618267727,0.6238087943225653,0.011935452042782752,0.5268289451745929,0.006360442662423833,-0.7981264010924938,0.007360373062292594,0.6463019976109193,0.054869741116076884,-0.7374583078530951,0.049548349049824865
scatter,without_IMU_LatAccelVal,10,0.5176061849887492,0.001994676163442862,-0.028885577258631202,0.008846017106894137,0.6435549169360173,0.011182909908698203,0.5197913463378435,0.006168111159424646,-0.7710072625038855,0.006779103363348786,0.6601774390414069,0.055671539537526765,-0.7106542480452842,0.03046580311994485
scatter,without_IMU_LatAccelVal,20,0.5130492216720257,0.00228382575726166,-0.033442540575354764,0.008729410989280647,0.6584480578297474,0.010980514395814172,0.5078010888920697,0.007343585904915623,-0.7545788795206263,0.006741325206518736,0.6773045675759075,0.05196769990738943,-0.7072958433469708,0.023947003091565625
scatter,without_IMU_LatAccelVal,30,0.5113227960859899,0.0024581362515362455,-0.03516896616139065,0.008636747660787812,0.6656716367802638,0.010778081450901622,0.5039420139916948,0.008009273170958663,-0.7475280668398083,0.006934962017897486,0.6804442163135812,0.057190820334669455,-0.7054277563018972,0.027562210983688072
scatter,without_IMU_LatAccelVal,50,0.5087913515517315,0.0024910075975891253,-0.037700410695649125,0.008525971086949535,0.673899629582318,0.010623944084338291,0.4969956549308704,0.008483017158409895,-0.7419598180793902,0.006586969157246994,0.6880653095716622,0.06268967507719027,-0.6984487060592681,0.023040939110619323
scatter,without_IMU_LatAccelVal,100,0.5040676174326741,0.0026213831617406,-0.04242414481470635,0.008186625949622823,0.6843514973439435,0.010268764833368884,0.4797623584032801,0.008329610474704072,-0.742454585802348,0.00664232906613574,0.7030213699057668,0.06118585853872839,-0.6872132639005046,0.02258683066093059
scatter,without_IMU_LongAccelVal,5,0.5418882809552648,0.002488959039408358,-0.004603481292115541,0.009309804654253073,0.6297352158484191,0.012853170696278149,0.5693075317882366,0.007089600669353797,-0.7672409688624683,0.00754156838993223,0.6877555231857249,0.06383856370603962,-0.7274480262032851,0.06047168782674002
scatter,without_IMU_LongAccelVal,10,0.5279216812244607,0.0018919020470686977,-0.018570081022919804,0.009324097394292312,0.6543506050181426,0.011792562716845948,0.5510525095287511,0.007139040607485277,-0.7558143058748439,0.007934514272837145,0.6975555600531333,0.059907370241707926,-0.684526430004603,0.041739009019307355
scatter,without_IMU_LongAccelVal,20,0.5190986705845168,0.002243503468209731,-0.027393091662863633,0.008876343999129184,0.6729920230995319,0.011176351692865114,0.528911847642495,0.006841550440247379,-0.7459593044097065,0.007614780731069333,0.7318913126176947,0.050506819690641136,-0.6738651352574185,0.02818796290759016
scatter,without_IMU_LongAccelVal,30,0.5149944376644557,0.0022828812446636874,-0.03149732458292485,0.00892185421446237,0.6825439196700389,0.010871317564166002,0.517159567971355,0.007094440374950472,-0.7446138816368488,0.007201406975495542,0.7173591261884054,0.042752409788456174,-0.6633509111466992,0.031061843277856004
scatter,without_IMU_LongAccelVal,50,0.5129783991314885,0.002415559474755875,-0.03351336311589196,0.008861797415169199,0.6911565490165847,0.01081651696064069,0.5112553176177482,0.0076722123379898465,-0.7398761602063961,0.00723220664110962,0.7348277087282877,0.049825700810550176,-0.6715285983317496,0.02543632348218865
scatter,without_IMU_LongAccelVal,100,0.5093318182309127,0.0021714615459081732,-0.03715994401646778,0.008962935559604627,0.7008031842301802,0.01069608115509564,0.49995924872040354,0.008198459560324818,-0.7375682601615725,0.006096693069175965,0.7408784478189946,0.053075154949075116,-0.6742364522593769,0.024444791622292406
scatter,without_IMU_VerAccelVal,5,0.5268488580605155,0.0028272491473268504,-0.01964290418686506,0.00786457338668066,0.6227763539387242,0.012536217454872326,0.5375419515889983,0.0046337640312019875,-0.7944543064253093,0.007068022414665865,0.5893287341640654,0.03495373044453776,-0.788363291347022,0.028228339971687465
scatter,without_IMU_VerAccelVal,10,0.519073854726669,0.00250262240965617,-0.027417907520711382,0.008349039382278373,0.6437287067814181,0.011704296120499398,0.526971934867254,0.005937390280140099,-0.7746210416024758,0.006947412839723165,0.644777204386401,0.023614613980343358,-0.7294574750213961,0.03296938430771151
scatter,without_IMU_VerAccelVal,20,0.5129465067684007,0.00272464790436794,-0.03354525547897981,0.008360595021203048,0.6613971264269256,0.011110972684741736,0.5141970835126851,0.007690386873325177,-0.759709406931413,0.007737324582021145,0.6474763965882399,0.04510432143994263,-0.7054464752926702,0.03154141303846628
scatter,without_IMU_VerAccelVal,30,0.5108461435204051,0.0026932192308381487,-0.035645618726975234,0.008317819909584993,0.6694148513607374,0.010887967596466883,0.5087255102156628,0.007656845932791615,-0.7514189396542099,0.007333682918844912,0.6235080242006926,0.027111423800497355,-0.7096691200640173,0.028416089479096997
scatter,without_IMU_VerAccelVal,50,0.5071770362483536,0.0029781230627392162,-0.039314725999026794,0.008079284765827867,0.6766620472968128,0.010884244246231214,0.49605073350843226,0.008803764360393797,-0.7473190724391102,0.007352109480865361,0.6765454147927551,0.03211667185421315,-0.7010517721364701,0.024593465380966722
scatter,without_IMU_VerAccelVal,100,0.502231411309125,0.0027442090931916927,-0.04426035093825553,0.008037983140564932,0.6863292648261463,0.010519321089458297,0.4767137774746565,0.008817091973303973,-0.7445597194509863,0.0064977662747577975,0.6751348526299429,0.040363827119724284,-0.7006194821840643,0.019752958391322573
scatter,without_Pitch_rate_6D,5,0.5321646805888184,0.001751072866549067,-0.014327081658562058,0.008547229542609731,0.6297355890495393,0.012071382401332466,0.5474143258173265,0.0034882955449266643,-0.7862104427643316,0.004113016933129932,0.6651802611638831,0.04973620527279261,-0.7322490995593733,0.0438400094120151
scatter,without_Pitch_rate_6D,10,0.5246542917230286,0.0022138985708800023,-0.02183747052435183,0.008350866128840029,0.64990571916446,0.01109233084391782,0.5382448745438678,0.004451875597260986,-0.7653957765512157,0.006027567079274487,0.7024993785190634,0.05254974531677759,-0.6883129231538926,0.04232656648010113
scatter,without_Pitch_rate_6D,20,0.5187118947686147,0.0021831001045601144,-0.027779867478765853,0.008468782321979442,0.6673322979664263,0.010483221369627918,0.527166777236285,0.005772666975902535,-0.749124347601507,0.006435035108229638,0.7035551747944868,0.045420375030329044,-0.6729219769933444,0.03500485116317748
scatter,without_Pitch_rate_6D,30,0.5164134401625403,0.002286505933271663,-0.03007832208484009,0.008421169255642656,0.6750350608976151,0.010614144583655656,0.5211554029907106,0.00661538371747237,-0.740817393785257,0.006652515852196186,0.712369480166209,0.04133465697422284,-0.6628138729827514,0.03558808173128707
scatter,without_Pitch_rate_6D,50,0.51223723310581,0.002478136162152994,-0.0342545291415704,0.008119232805547187,0.6833658218045268,0.010484981420448253,0.5098776335207008,0.006972700848140142,-0.7385908616841772,0.006539747604815231,0.7153087788473308,0.04310930400646714,-0.6697516078549689,0.030234419852195986
scatter,without_Pitch_rate_6D,100,0.5061510363073614,0.002566920158971041,-0.0403407259400191,0.008015059139470346,0.6940673323624174,0.010188411527524165,0.49048173220874114,0.007670586423831291,-0.7385612961196354,0.006078976737540181,0.6747096690755728,0.04612732057918963,-0.6860583998398916,0.021818974235168806
vae,full,5,0.5182629169611159,0.002313810045511353,-0.02822884528626457,0.008679012037205476,0.6048887120536935,0.0135862593185348,0.5242971936802842,0.0043347336330025,-0.7894152726129684,0.003733785572167863,0.5387939170951161,0.055563084306684385,-0.7802033757184801,0.05286577389597233
vae,full,10,0.509985296268881,0.0024105849237510044,-0.03650646597849951,0.008430745956092105,0.6291436661820219,0.01287576187715159,0.5079098727390203,0.0052756361631108644,-0.7647354326387262,0.003673612424215695,0.5139190642007747,0.06372526499092229,-0.7512434834407965,0.029421577580643583
vae,full,20,0.5044183863586322,0.0019906803475968804,-0.04207337588874829,0.008721680076508411,0.6464166863266422,0.012013525486307826,0.48954325638109797,0.0068438846768348275,-0.7451245735265268,0.0038945706370263128,0.5405428454568841,0.06857274362412784,-0.7072032623772877,0.024916097792221467
vae,full,30,0.501603719281227,0.0018499830029025945,-0.04488804296615335,0.008696110628183264,0.6549489000758734,0.011682603468065662,0.4761272652285406,0.007195007439214565,-0.7398562153787342,0.003649856339191593,0.542093610936946,0.0772875129325964,-0.698994640515716,0.027199175508486988
vae,full,50,0.4994355758111653,0.0020242638830950477,-0.047056186436215175,0.008419814332071025,0.6653696726865315,0.011280610730614649,0.46090165857601517,0.0073697704058762825,-0.7345225696134878,0.0034302888790997605,0.5521131748016479,0.07172911666439821,-0.6995766369664288,0.021537960323248305
vae,full,100,0.49661403669372206,0.002163235150819121,-0.0498777255536584,0.008231501667207654,0.6777057717245267,0.011042268641627046,0.43458672054703573,0.008104147482742413,-0.73242155474677,0.0033694464748232414,0.570260103490486,0.06043173459736636,-0.6872659243062977,0.01889506465997812
vae,imu_only,5,0.5115547111837777,0.002638757178600436,-0.03493705106360262,0.008801425460486364,0.6279160623566529,0.011153188355188637,0.5108772095706373,0.004875439593075014,-0.7944050544311314,0.004532311666172809,0.5766973661815651,0.042137007875239836,-0.7506415993114258,0.044060600838326344
vae,imu_only,10,0.5078264837783313,0.002094270529569344,-0.03866527846904927,0.008698421195314322,0.6429766912549659,0.01056184903278692,0.5039201266591891,0.005033800140626024,-0.7629873316696456,0.004249398098174818,0.6004377461633018,0.050809947686796454,-0.703516078934058,0.04151102072902855
vae,imu_only,20,0.5068176462719873,0.002151100771697854,-0.03967411597539312,0.008340362567141131,0.6569170638767654,0.010331024983631672,0.5015333538305284,0.004802951884024608,-0.7392563471046343,0.003532742286537647,0.6050635676428788,0.05595303159452376,-0.6801707928551921,0.034584794799304645
vae,imu_only,30,0.505730255525037,0.0021008685317361474,-0.04076150672234346,0.008403702958074959,0.6650535687496933,0.010101234916802261,0.4959236277238457,0.005809627717462182,-0.7314716677495687,0.0035809996046994945,0.6433520334149964,0.0643804795191231,-0.6717150040894624,0.030814196453065275
vae,imu_only,50,0.5046183629794649,0.0018332369035682322,-0.04187339926791537,0.00859433116622694,0.6728962886254991,0.010089257841559375,0.48837788572164686,0.0071910367400766515,-0.724593276639858,0.00309597617468288,0.6579047020872597,0.06063591214776336,-0.6720244775930826,0.028414074736669154
vae,imu_only,100,0.5024326472417391,0.0017625455817165214,-0.04405911500564132,0.00858195857007624,0.6819831855325507,0.009708543372113836,0.47265032476234714,0.00824771205083539,-0.720406600883177,0.0029035553863827434,0.6325264233568657,0.04802567140547995,-0.6770672376620566,0.02261910434903764
vae,only_Bounce_rate_6D,5,0.49000694472776773,0.002371940293457968,-0.05648481751961274,0.008205015863820657,0.7160571991573018,0.009721991442649276,0.46053642732596345,0.0032115021063746437,-0.8280170287105152,0.004421183484571223,0.541237099780225,0.02498525057338238,-0.7361329586001528,0.025753511839136732
vae,only_Bounce_rate_6D,10,0.4893983582656924,0.0021446908339005405,-0.05709340398168803,0.008234904756899879,0.7208596140133543,0.009347719717149013,0.44321109493271615,0.003901428134626638,-0.7900817817644352,0.005020929057517988,0.5467756025736084,0.025660443600777277,-0.7151413125104289,0.021612629873357495
vae,only_Bounce_rate_6D,20,0.4893721579674781,0.0022587078367738477,-0.05711960427990228,0.008152947708586936,0.7255438089379,0.009383888842491512,0.4264608595577881,0.005116041765289955,-0.7654838630290984,0.004650571103246666,0.5297234764471923,0.035141191346096314,-0.704892116982206,0.020816411607985322
vae,only_Bounce_rate_6D,30,0.4891861710323508,0.002193029918709878,-0.05730559121502963,0.008275512498104121,0.7279221434413227,0.009479420524083149,0.41420041490366516,0.006356947810489289,-0.7570851996367612,0.004517729258918588,0.5681616536035765,0.05800976486889112,-0.6982428149422392,0.019767149754016965
vae,only_Bounce_rate_6D,50,0.4886096023526475,0.0021058735484506545,-0.05788215989473291,0.008326807884436687,0.7295854146370351,0.009397856162313535,0.39943654822916874,0.007031431769437678,-0.7510713592709447,0.004199986569872814,0.5517589100966651,0.05732232472878464,-0.701402965579939,0.017140735368603107
vae,only_Bounce_rate_6D,100,0.48707455812004313,0.0021620529856838334,-0.05941720412733742,0.00831762632880774,0.7299515083238208,0.009146164744199515,0.3781355245740877,0.007849364130207995,-0.7479251036040709,0.004174110314822357,0.501654197477997,0.05762134325208999,-0.7084853951337359,0.014212618018231569
vae,only_IMU_LatAccelVal,5,0.5013980149022097,0.0024907557598683886,-0.04509374734517084,0.009028542391297299,0.7178190768366791,0.008849850580052004,0.4883096511857429,0.006983041464108806,-0.8094102912884653,0.005963861866038716,0.5439708760478006,0.029677807580984653,-0.7520536073062294,0.027606682893647705
vae,only_IMU_LatAccelVal,10,0.49971243620064765,0.0017109049647460704,-0.04677932604673281,0.008690140030080895,0.7222350034729128,0.008999688930630266,0.4780090261004616,0.005141841909965314,-0.7704375529477121,0.004187644405707172,0.5621125856071796,0.05099085741357961,-0.7139503937359734,0.030886395468205024
vae,only_IMU_LatAccelVal,20,0.49926390310457147,0.0014272468481688616,-0.04722785914280902,0.008856683743693335,0.7257836129514911,0.009128036645376553,0.4684647042017402,0.005593876153467717,-0.7462400287540558,0.003273293164363398,0.5357169990437151,0.057971577114703805,-0.7019059915781248,0.024500401169350552
vae,only_IMU_LatAccelVal,30,0.49810317796075915,0.0015458487591170594,-0.04838858428662129,0.008742574627934234,0.7268028052123263,0.009264023567997605,0.4593170196308405,0.006229167288891608,-0.7399989500887281,0.0029422525661197034,0.5305899159992548,0.05161166425648947,-0.6976692410662031,0.018900885930633195
vae,only_IMU_LatAccelVal,50,0.49683442058642735,0.0015493806884687438,-0.04965734166095319,0.00875900945065109,0.7280327592064938,0.00893286374186706,0.44691338945893333,0.00821346934946168,-0.7346155497578903,0.0030042727811639774,0.5172612801697701,0.05516465380618653,-0.6946087432362927,0.01916526890298391
vae,only_IMU_LatAccelVal,100,0.49471177636386787,0.0014899572378311093,-0.051779985883512625,0.008778669949278676,0.7303192976723667,0.008926028016568907,0.424808711221484,0.009742838709958544,-0.7310575557447845,0.0028842820506883456,0.5436492645802296,0.06144319000867179,-0.6924603464761455,0.021785280518808754
vae,only_IMU_LongAccelVal,5,0.5165079058300106,0.0029542207086861033,-0.029983856417369958,0.008907343529148909,0.5954334249891036,0.013047664987889148,0.5219445736234593,0.006047091485900921,-0.7847003727108628,0.0041399001803608965,0.6125004818872022,0.03272391415178791,-0.71932456902821,0.03194296600761494
vae,only_IMU_LongAccelVal,10,0.5100496569166756,0.0024356321989459835,-0.036442105330704896,0.008669555239112291,0.6060740877300769,0.013135773117483351,0.5099334357224803,0.006278384913701877,-0.7533330712113671,0.0034578338071467856,0.6507598389756494,0.05095512214388479,-0.6975824670218396,0.0322863003145206
vae,only_IMU_LongAccelVal,20,0.5043891432286698,0.0017965461961937342,-0.04210261901871056,0.00891817856313447,0.6182266662922767,0.012701773448533004,0.4888306047848599,0.007651946840594033,-0.7353007274851014,0.003223308691058172,0.6354451709995366,0.04144160385606804,-0.6923281668433872,0.02291331045268212
vae,only_IMU_LongAccelVal,30,0.5013711020237512,0.001960176455652355,-0.04512066022362917,0.008522034887687517,0.6260932433436219,0.012748581407856664,0.4739137003507653,0.0076602846465321246,-0.7313040111015954,0.0029347403204588525,0.6124816335416375,0.05346902445537885,-0.7006252768338967,0.01922023540404089
vae,only_IMU_LongAccelVal,50,0.4980415982487011,0.0019091770013837973,-0.04845016399867935,0.008528500449827772,0.6362862531259583,0.012322761514244851,0.4512367691477994,0.008582901733886754,-0.7291431343187212,0.003020481796689002,0.5323772005533115,0.04117437268778727,-0.7104042859117419,0.013933488824565278
vae,only_IMU_LongAccelVal,100,0.4956649490738293,0.0015696684660930192,-0.05082681317355118,0.00881333390367678,0.6524279672605314,0.011601202233920832,0.4258209337657721,0.010550904122721512,-0.7264851073825683,0.0026675944937036822,0.5039044466562027,0.03156266753232883,-0.7061500326791127,0.016250405871225903
vae,only_IMU_VerAccelVal,5,0.5080321449629055,0.0021296299511227574,-0.038459617284474876,0.009352294791709332,0.700080589831786,0.011087069626384713,0.5036205774137142,0.005304179931386703,-0.8018962484394677,0.00668941205926142,0.5422261637090331,0.03570125831056895,-0.7610842670157747,0.021491805582368625
vae,only_IMU_VerAccelVal,10,0.5070056715907493,0.002063316531798445,-0.03948609065663122,0.008740857339296151,0.7034439432729712,0.010444594970119,0.49978056587721015,0.004774345011205196,-0.762449411303678,0.005791296239715923,0.5914129264659764,0.047590594391839144,-0.7290253299517007,0.019082188869803215
vae,only_IMU_VerAccelVal,20,0.5044986168145327,0.0020416090845040164,-0.04199314543284782,0.008740558294686283,0.7084366989192217,0.010161260094342614,0.48952748355093956,0.005948369005268071,-0.7414406224847894,0.004824204749531989,0.583749565565677,0.04911135814223264,-0.713170836987876,0.017560023487653256
vae,only_IMU_VerAccelVal,30,0.5025429009910422,0.0019777539228714356,-0.043948861256338206,0.00883087169654552,0.7106931422441185,0.00993447739476656,0.48033909714567163,0.006710046979103645,-0.7358128024875448,0.004670873965009215,0.624592712809811,0.05302346563100688,-0.696645090670548,0.020470118309993283
vae,only_IMU_VerAccelVal,50,0.5001317525197485,0.0020534448883412684,-0.046360009727631955,0.008599622472841632,0.7136411111585587,0.009736221004935236,0.467075232612385,0.006893470624553211,-0.7321107582775694,0.004436955110087124,0.5812218487700747,0.029777450970441252,-0.6894486177978136,0.019332079382443964
vae,only_IMU_VerAccelVal,100,0.4969065825541362,0.0022193548772213604,-0.049585179693244205,0.008182841946925411,0.7167831993922789,0.009581937448661362,0.44629630570168083,0.005557902985088748,-0.7313196767751113,0.0038618575916178365,0.5787042670442764,0.02127338800253926,-0.6948612008371228,0.016355091194245785
vae,only_Pitch_rate_6D,5,0.49292941282112246,0.0023196694670672433,-0.05356234942625797,0.008950352050670842,0.7096058666031375,0.009558179048817709,0.4664598424016064,0.005011166584901197,-0.8261371773631817,0.004691203215575217,0.5829806992046461,0.04478737062975546,-0.7307551941523988,0.03590242880980401
vae,only_Pitch_rate_6D,10,0.4915609448653825,0.0024405342164411222,-0.05493081738199794,0.00814889867537974,0.7143315695592493,0.009300311194762571,0.4503069259680588,0.004738281414247825,-0.7875118377110344,0.005182357874390036,0.5931580878731694,0.05186514789779939,-0.7128276510014812,0.0318502956928753
vae,only_Pitch_rate_6D,20,0.49058183004868877,0.002362527135014424,-0.05590993219869169,0.008004411619063595,0.7175191651467647,0.009520888970668748,0.4318797919983954,0.004889753695950125,-0.7626810908111115,0.004537129092915123,0.6060505332113478,0.05852689671269466,-0.702971497915208,0.02876384832250149
vae,only_Pitch_rate_6D,30,0.49065503572973534,0.002603069598381685,-0.05583672651764512,0.0077712147157343375,0.7192654500413049,0.009310352732567482,0.4229996526520289,0.005535799242065445,-0.7533879261888389,0.004535042010563465,0.5944184905727161,0.06181250625964647,-0.7019824150797513,0.025559895560248864
vae,only_Pitch_rate_6D,50,0.49024489689889955,0.0024752240331573907,-0.05624686534848093,0.007901721549369918,0.7209877899667669,0.009305221363584328,0.4084638372162023,0.005420252406465125,-0.7467320133878035,0.004107343528878523,0.6178106847866611,0.07075339182007391,-0.6956905987026971,0.025313877872795314
vae,only_Pitch_rate_6D,100,0.48969031652184586,0.002300552094399613,-0.056801445725534624,0.007978203776067574,0.7227188455062572,0.009568629104418183,0.3907572622004394,0.004061071272818271,-0.7421116890606972,0.0037775496989741354,0.6099598752295355,0.06047541729472447,-0.6992414289107655,0.019646292863725164
vae,without_Bounce_rate_6D,5,0.5046582289598294,0.003285378018580494,-0.04183353328755108,0.007727670315761195,0.6181326455312525,0.011786943366900336,0.49468222990170824,0.0042995214083134566,-0.809171980515807,0.004566524952359638,0.528474280385032,0.06808821641759695,-0.791867429516707,0.047612737582363104
vae,without_Bounce_rate_6D,10,0.5008937393135233,0.0030122038232801695,-0.04559802293385713,0.007838713731224413,0.6377580283001375,0.010894384376809086,0.47977907859654306,0.0051503323988078996,-0.7742765879964343,0.004670923343917375,0.5760450023685213,0.06650117148762508,-0.7422609798810259,0.030619305548363146
vae,without_Bounce_rate_6D,20,0.5000583020063695,0.0025142602187979914,-0.04643346024101093,0.0081411082932427,0.6529251390198902,0.010501796808772315,0.4723395651359342,0.00575926349134118,-0.7483479707149263,0.004115628127343135,0.5177839161146005,0.03696033485346182,-0.7121736978339921,0.024349663000327423
vae,without_Bounce_rate_6D,30,0.4974562768886638,0.0022529000233199917,-0.049035485358716636,0.008304373648804174,0.6601737564758364,0.010161170084824872,0.4572142078843867,0.006396927929665995,-0.744078219722732,0.0035331305224074543,0.5269738786356223,0.05763873398855025,-0.7064338898540602,0.021153703081140507
vae,without_Bounce_rate_6D,50,0.4961122348547503,0.002283490029217492,-0.050379527392630186,0.008202793474202283,0.669434025134644,0.00988629166174956,0.44121825903257716,0.006807596164409573,-0.7379717545143231,0.003724492133038759,0.520100564851978,0.08095158233522028,-0.6943363382888322,0.02126130862190937
vae,without_Bounce_rate_6D,100,0.4943836054932488,0.002391765149774809,-0.052108156754131565,0.008041763366293933,0.6800735030541846,0.009643126435099658,0.41708017655621854,0.00804563857468786,-0.7340053645363773,0.0038828156467899874,0.5648937948860802,0.06584737709038613,-0.6870350912157275,0.02097395468828404
vae,without_IMU_LatAccelVal,5,0.5135057386317212,0.002662210466583907,-0.032986023615659214,0.010357764801328558,0.6069903716734221,0.01372643801356721,0.514198373557655,0.008835085896647915,-0.79455376218959,0.006822882975136387,0.492410041212578,0.0436025616631334,-0.7890957541299561,0.028053913504453756
vae,without_IMU_LatAccelVal,10,0.5070098154302872,0.002003200093427602,-0.039481946817093286,0.009167316199486537,0.6254260773427496,0.012826677634985658,0.49801395359890216,0.007961656740597643,-0.7669151026405594,0.004648079527937847,0.43061350943154536,0.06289730371499468,-0.7637456011469741,0.016795319041049115
vae,without_IMU_LatAccelVal,20,0.501923312690717,0.0018782853518175447,-0.0445684495566635,0.008730322041706503,0.6419930398101298,0.012240438504052329,0.4790213817709386,0.008394469221639174,-0.7495502428548757,0.004699740709742849,0.4669095332817122,0.04267472366394943,-0.7513853937302345,0.017788788535546305
vae,without_IMU_LatAccelVal,30,0.49955539010052236,0.0019629796072106985,-0.046936372146858155,0.008446689811817478,0.6505889580346593,0.011849482227941284,0.46601086063592484,0.008095555422462231,-0.7438108770844686,0.004398080091523459,0.473691198973469,0.04139490792385512,-0.7385355765131819,0.015152606245914293
vae,without_IMU_LatAccelVal,50,0.4976809058108561,0.0021239010016066906,-0.04881085643652444,0.008254483160501796,0.661182316259069,0.011434020829689888,0.45087497020827555,0.007881399084021329,-0.7386092747436852,0.004384481869772519,0.4603698939448158,0.042295680967770886,-0.7284612453607455,0.012332476811660659
vae,without_IMU_LatAccelVal,100,0.4957523439650141,0.0021181811474599945,-0.05073941828236629,0.00821368293136681,0.67465929582887,0.010981554373155148,0.4292369435496018,0.008169363799183866,-0.7352920979809353,0.004047980181928413,0.5001589709756956,0.03773931259852011,-0.7051754331421702,0.015447439015794415
vae,without_IMU_LongAccelVal,5,0.5191385535711264,0.002420302993700116,-0.02735320867625418,0.01009602007454815,0.637677147478024,0.01248355002179405,0.5253157819630345,0.007808597291868877,-0.7978597199253924,0.007995624486419972,0.5286073107518116,0.06430985780185568,-0.7932261713886192,0.037214944409975304
vae,without_IMU_LongAccelVal,10,0.5104293782869652,0.0017803853493112871,-0.036062383960415244,0.009261590273263686,0.660456885101111,0.01169010893160525,0.5094301621237973,0.0070610260490413905,-0.7693552868411611,0.006378326248605773,0.5277391862550462,0.054422936647250356,-0.78619478538339,0.041115758972592856
vae,without_IMU_LongAccelVal,20,0.5022864103592458,0.0014428822539595033,-0.04420535188813459,0.009234461860361446,0.6791039760626429,0.010629791357842,0.4828081248628324,0.007422680674044798,-0.7520781048092985,0.0053241422819968525,0.5621740291187715,0.055616578867918876,-0.7235418818343684,0.022422806560931
vae,without_IMU_LongAccelVal,30,0.4990077752238945,0.001573967116342904,-0.04748398702348592,0.00894740628508508,0.6873996226345761,0.010277419548639812,0.4665323411818054,0.0071893764493473206,-0.7468271843189948,0.0046309071042428636,0.5819964645954749,0.057803026604242594,-0.700324666963547,0.015491806181830837
vae,without_IMU_LongAccelVal,50,0.4958157336724546,0.0017442336320856336,-0.0506760285749259,0.0086929171522516,0.6961287900260683,0.010259432513125282,0.4456696507986524,0.007047785837436876,-0.7431921427833605,0.0037833771973529553,0.6029750045260106,0.05725752447343913,-0.6756811897189386,0.02230752550543096
vae,without_IMU_LongAccelVal,100,0.493274057106279,0.0020863167637602434,-0.05321770514110147,0.008417147612264737,0.7049040391589564,0.010064174182984416,0.4195391760178702,0.008341289988252024,-0.7392278325592416,0.004404075873084072,0.5862204515180013,0.08287738400054756,-0.6840351790822963,0.022695650675506867
vae,without_IMU_VerAccelVal,5,0.5100596092066803,0.0015366647584105296,-0.03643215304070019,0.009193863351578641,0.6137041060250721,0.012422169666324135,0.5064604647630634,0.004972364236992322,-0.8056117854598901,0.003630274826979095,0.5574073180252486,0.052051169766457385,-0.7679546226814257,0.0291185396110958
vae,without_IMU_VerAccelVal,10,0.50499476407166,0.0019920969813731326,-0.04149699817572045,0.00869917616749356,0.6338451839278586,0.01169104594301758,0.4927091882423354,0.006293761720198725,-0.7716972598424443,0.004245146217773393,0.5568365663098622,0.042248735025293055,-0.7226532186883351,0.03083646563799964
vae,without_IMU_VerAccelVal,20,0.5013086428205101,0.0017455551077572927,-0.045183119426870304,0.008715056111792303,0.6497996595695417,0.011087227157793691,0.47735548828503616,0.006863210939862604,-0.7489459369136772,0.004046725689829368,0.5657829733520398,0.05764554928192811,-0.7089956883748608,0.027763000075512734
vae,without_IMU_VerAccelVal,30,0.49852323566346746,0.00182204356048254,-0.04796852658391296,0.008613628055027111,0.6587215337400164,0.010741297458655449,0.464208473991053,0.007227606712774126,-0.7445300200078343,0.004009189623161275,0.5556749459522901,0.055856947314014145,-0.7009078569038338,0.0284769574439977
vae,without_IMU_VerAccelVal,50,0.49645666103763186,0.002038772562951588,-0.05003510120974851,0.008375053437605938,0.6692153361065366,0.01055438513470432,0.4485143693295671,0.00722457989598289,-0.7400939160036336,0.004307361992838616,0.5805468636963448,0.0532107668561432,-0.6863130203292686,0.0272467291110511
vae,without_IMU_VerAccelVal,100,0.4947825900057389,0.002073471586401483,-0.051709172241641635,0.008330134870172538,0.6807819780261534,0.010169259570023308,0.4265424471962421,0.008526206281577214,-0.7356151179338635,0.004305281197868164,0.5376806175103334,0.08095916053860754,-0.6901603594035366,0.022437179672753892
vae,without_Pitch_rate_6D,5,0.5124125287274524,0.0032190765621941406,-0.03407923351992807,0.008852282961866822,0.6312759514416731,0.012063957490225846,0.5109992480370532,0.007213215545256482,-0.7977997421399842,0.005175312052701247,0.49286313710296936,0.036346514379179885,-0.7752506401902375,0.03517338233415408
vae,without_Pitch_rate_6D,10,0.5081032629971822,0.0027078549804859116,-0.038388499250198244,0.00893386689967495,0.6477625855014019,0.011401181424216792,0.502411114266898,0.0083350028132142,-0.7637585710314394,0.004726486174975258,0.5233612002804662,0.03961184099080029,-0.7564826446823242,0.035061410863488164
vae,without_Pitch_rate_6D,20,0.5024427570308034,0.002446540421103064,-0.044049005216576995,0.00837994220917244,0.6604511412003509,0.010619251719490285,0.48094382819575393,0.007803851353351143,-0.7452883566209163,0.003793352821183868,0.5330637119272282,0.04777537053284576,-0.715453809997286,0.02727636574240858
vae,without_Pitch_rate_6D,30,0.5000011885475144,0.002217683708975572,-0.046490573699866006,0.008471812479676289,0.6664857913455794,0.01034327715754675,0.4672253041507465,0.007965124798397186,-0.7405680677018632,0.003508473489432828,0.5965995950741203,0.05033768052481751,-0.6931762863856143,0.02511424254077917
vae,without_Pitch_rate_6D,50,0.4981550951126262,0.0020723347862970443,-0.04833666713475426,0.008371021239190654,0.6740628318918135,0.010071638368263343,0.4536422305793744,0.007502638951121778,-0.7357878151981103,0.0032213958337964314,0.5779445760610273,0.0533841012500341,-0.6946113247784689,0.022353289192278084
vae,without_Pitch_rate_6D,100,0.49627661806896944,0.002284003949005803,-0.05021514417841105,0.008145229108424242,0.6838031229096168,0.009847950098156599,0.4331508537495095,0.008417036148155107,-0.7321783047337955,0.0037281537479361506,0.6081206062029623,0.05868646891074113,-0.6891405418251646,0.022204312554657372
